[
  {
    "id": "c0eaea1d-6d53-486e-b5c7-6b41a42375dd",
    "title": "Álláshirdetés",
    "category": "Nyomtatvanyok",
    "date": "2025-02-18T16:02:00.000Z",
    "file_url": "https://utfs.io/f/26L8Sk7UnuECwclnBlSheWP5jZyfGnp24M8Jrbm0t9vNAFka",
    "file_size": "281659"
  },
  {
    "id": "3dbdbbc9-bdf4-41e9-b516-76f1195c184a",
    "title": "Képviselő testületi meghívó",
    "category": "Jegyzokonyvek",
    "date": "2025-02-18T16:07:00.000Z",
    "file_url": "https://utfs.io/f/26L8Sk7UnuECfTzii6Hu3aru6LDUb0V8oGMOFt5cR72B1Qkq",
    "file_size": "223325"
  }
]