[
  {
    "id": 4,
    "title": "Vándortábor",
    "content": "## Vándortáborok \n\n*Fedezz fel! Vezess! Inspirálj!*\n## \nNyáron kilencedik alkalommal indulnak útnak az egyhetes vándortáborok, melyekre január 30-tól lehet jelentkezni.\n## \nEnnek érdekében szeretnénk felhívni a figyelmét egy kiváló ár-érték arányú táborozási lehetőségre, a Vándortábor Programra, melyekhez kedvező feltételeket kínálunk:\n## \nA részvételi díj az utazási költséget kivéve mindent tartalmaz. A táborozók 49 000 forintért kapnak szállást, étkezést és programokat a 7 napos turnusokon.\n## \nA csoportvezető pedagógusok a vándortáboros csoportvezetésért bruttó 150 000 forint díjazásban részesülnek. \n## \nA hátrányos helyzetû és a halmozottan hátrányos helyzetű gyerekek 50%-os kedvezménnyel vehetnek részt a táborokban, nekik a részvételi díj 24 500 forint.\n## \nA pedagógusok és a kísérők 20 000 forintért végezhetik el a 30 órás akkreditált gyalogos, vízi vagy kerékpáros vándortábor-vezető képzést.\n## \nA jelentkezés január 30. (csütörtök) 20:00-kor indul, a felhívás a szervezetek honlapjain érhetõ el:\n## \n**[ErdeiVándor](https://www.erdeivandor.hu/jelentkezesi-felhivas/), [BringásVándor](https://www.bringasvandor.hu/bringasvandor/#jelentkezesi-felhivas), [VíziVándor](https://vizivandor.hu/palyazati-kiiras/), [Zarándoktábor](https://zarandoktabor.hu/jelentkezesi-felhivas)**\n## \nBõvebb információért látogasson el a honlapra: https://vandortabor.hu/\n\nVándotábor bemutató  [ITT](http://www.bakonykuti.hu/Hirdet/Vandortabor2025.pdf)",
    "date": "2025-01-30T11:35:00.000Z",
    "type": "community",
    "created_by": "agota",
    "created_at": "2025-01-24T16:37:30.528Z",
    "thumbnail": "https://utfs.io/f/26L8Sk7UnuECq2pOFiNJCQ9AGHKREYlXvOxeBMSyhi8IWTnu"
  },
  {
    "id": 7,
    "title": "A földönkívüli élet lehetősége a Naprendszerben és azon túl",
    "content": "## Talabér Gergely amatőrcsillagász előadása a BAKONYKÚTI KÖZÖSSÉGI HÁZBAN\nTovábbi információ: https://utfs.io/f/26L8Sk7UnuECCJaSKDoD3h5BTWPtNcop4XHGVmvlbLQxAy71\n\nMindenkit szeretettel várunk!",
    "date": "2025-03-27T09:57:00.000Z",
    "type": "community",
    "created_by": "agota",
    "created_at": "2025-03-06T08:58:13.435Z",
    "thumbnail": "https://utfs.io/f/26L8Sk7UnuEC3AgeVtGVEstpDrH4YmojWGN9uMyOIeCwJlKn"
  },
  {
    "id": 8,
    "title": "Március 15. - Ünnepi megemlékezés",
    "content": "\n## 2025.03.15-én szombaton 9 és 11 óra között a Bakonykúti Közösségi Ház kávézóként üzemel.\n## \nÜnnepi megemlékezésünkre mindenkit szeretettel várunk!\nBakonykúti Község Önkormányzata \n",
    "date": "2025-03-15T08:00:00.000Z",
    "type": "community",
    "created_by": "agota",
    "created_at": "2025-03-06T09:11:33.608Z",
    "thumbnail": "https://utfs.io/f/26L8Sk7UnuECM4JateSfVkXvqlZ4gba0UNI8zsDYxnhyrG2d"
  },
  {
    "id": 5,
    "title": "Batyus Farsang Bakonykútiban ",
    "content": "## Batyus farsang Bakonykútiban idén is! 2025 február 22!\n\nTovábbi részletek Bakonykúti Facebook oldalán. \nPDF: https://utfs.io/f/26L8Sk7UnuECiSMwjuCUKNa8DGOI0cYgHqmAjwClyd9ML7sr",
    "date": "2025-02-22T16:00:00.000Z",
    "type": "community",
    "created_by": "agota",
    "created_at": "2025-02-07T15:36:30.372Z",
    "thumbnail": "https://qh0hg1d52r.ufs.sh/f/26L8Sk7UnuECLskRArKbp6Sh14YX5LERKwtFsGya3UVgiH8Q"
  },
  {
    "id": 9,
    "title": "Könyvjelző márciusban",
    "content": "## Ahogyan minden hónapban, márciusban is szeretettel várnak a könyvbarátok minden érdeklődőt a bakonykúti könyvklubon, a Könyvjelzőn!\n",
    "date": "2025-03-13T16:00:00.000Z",
    "type": "community",
    "created_by": "agota",
    "created_at": "2025-03-06T09:39:37.315Z",
    "thumbnail": "https://utfs.io/f/26L8Sk7UnuEC1G9RUR789QX6bm0v4B8adyiMJAnfwWCDKkVO"
  }
]