[
  {
    "id": 1,
    "title": "Játszótér",
    "url": "https://utfs.io/f/26L8Sk7UnuECn1bcfKypuwvx56J1US2AQWgyPYTDO7XGiend",
    "created_at": "2024-12-06T18:14:05.188Z",
    "carousel": true,
    "gallery": true,
    "image_size": 416300,
    "updated_at": "2025-01-18T15:08:26.945Z"
  },
  {
    "id": 39,
    "title": "4a_kep.JPG",
    "url": "https://utfs.io/f/26L8Sk7UnuECSkosUXrBJwXMmcgpOnyY6qTPFChLG0Sl2ukN",
    "created_at": "2025-01-30T08:48:02.490Z",
    "carousel": false,
    "gallery": false,
    "image_size": 0,
    "updated_at": "2025-01-30T08:52:53.314Z"
  },
  {
    "id": 40,
    "title": "5a_kep.JPG",
    "url": "https://utfs.io/f/26L8Sk7UnuEC23QYSOUnuECB16T3NaRGHbkgyItv9Smfci0q",
    "created_at": "2025-01-30T08:49:06.791Z",
    "carousel": false,
    "gallery": false,
    "image_size": 0,
    "updated_at": "2025-01-30T08:52:54.854Z"
  },
  {
    "id": 22,
    "title": "Tavasz",
    "url": "https://utfs.io/f/26L8Sk7UnuECj8eYgFvdVTPH1f4QNIYeZOKG0nqzEAJr6FLg",
    "created_at": "2025-01-21T09:07:55.379Z",
    "carousel": false,
    "gallery": true,
    "image_size": 0,
    "updated_at": "2025-01-30T08:56:42.993Z"
  },
  {
    "id": 20,
    "title": "Őzláb gomba",
    "url": "https://utfs.io/f/26L8Sk7UnuECEXNJlBeDfCRWZAPiqY1BUG5V8Mz3t920HXwj",
    "created_at": "2025-01-20T19:33:05.699Z",
    "carousel": false,
    "gallery": false,
    "image_size": 181397,
    "updated_at": "2025-01-30T08:56:57.077Z"
  },
  {
    "id": 7,
    "title": "Ady utca",
    "url": "https://utfs.io/f/26L8Sk7UnuECXtmPDGcZENFc91oCB07LqidpvXmUWH4VeMwx",
    "created_at": "2024-12-30T17:34:50.814Z",
    "carousel": false,
    "gallery": true,
    "image_size": 0,
    "updated_at": "2025-01-18T16:28:56.117Z"
  },
  {
    "id": 41,
    "title": "2025_02_22_Farsang plakát2.jpg",
    "url": "https://utfs.io/f/26L8Sk7UnuECjq1lG6dVTPH1f4QNIYeZOKG0nqzEAJr6FLgy",
    "created_at": "2025-02-07T15:36:01.025Z",
    "carousel": false,
    "gallery": false,
    "image_size": 4146191,
    "updated_at": "2025-02-07T15:36:01.025Z"
  },
  {
    "id": 42,
    "title": "2025_02_22_Farsang plakát2.jpg",
    "url": "https://utfs.io/f/26L8Sk7UnuECSBdC20rBJwXMmcgpOnyY6qTPFChLG0Sl2ukN",
    "created_at": "2025-02-08T09:09:49.583Z",
    "carousel": false,
    "gallery": false,
    "image_size": 4146191,
    "updated_at": "2025-02-08T09:09:49.583Z"
  },
  {
    "id": 9,
    "title": "Honvedseg.jpg",
    "url": "https://utfs.io/f/26L8Sk7UnuECwcWT6w9heWP5jZyfGnp24M8Jrbm0t9vNAFka",
    "created_at": "2025-01-01T15:58:44.592Z",
    "carousel": false,
    "gallery": false,
    "image_size": 0,
    "updated_at": "2025-01-11T10:54:38.565Z"
  },
  {
    "id": 24,
    "title": "26L8Sk7UnuEC3LDtQ4GVEstpDrH4YmojWGN9uMyOIeCwJlKn.jpg",
    "url": "https://utfs.io/f/26L8Sk7UnuECreJYxZbVX5JwIdfPKubn4WEsNUiZezhFy3OY",
    "created_at": "2025-01-22T21:10:54.941Z",
    "carousel": false,
    "gallery": false,
    "image_size": 181397,
    "updated_at": "2025-01-22T21:10:54.941Z"
  },
  {
    "id": 14,
    "title": "Bakonykuti_1424-2000.jpg",
    "url": "https://utfs.io/f/26L8Sk7UnuECdDrxrx1Uhew93I0vo8azHPAfDN5B2qQFlKmt",
    "created_at": "2025-01-01T16:37:40.846Z",
    "carousel": false,
    "gallery": false,
    "image_size": 0,
    "updated_at": "2025-01-11T10:54:38.565Z"
  },
  {
    "id": 43,
    "title": "2025_02_22_Farsang plakát2.jpg",
    "url": "https://utfs.io/f/26L8Sk7UnuECLskRArKbp6Sh14YX5LERKwtFsGya3UVgiH8Q",
    "created_at": "2025-02-08T09:10:07.734Z",
    "carousel": false,
    "gallery": false,
    "image_size": 4146191,
    "updated_at": "2025-02-08T09:10:07.734Z"
  },
  {
    "id": 44,
    "title": "kki_logo.png",
    "url": "https://utfs.io/f/26L8Sk7UnuECXYNUyicZENFc91oCB07LqidpvXmUWH4VeMwx",
    "created_at": "2025-02-18T14:58:10.176Z",
    "carousel": false,
    "gallery": false,
    "image_size": 39712,
    "updated_at": "2025-02-18T14:58:10.176Z"
  },
  {
    "id": 45,
    "title": "kki_logo.png",
    "url": "https://utfs.io/f/26L8Sk7UnuECbdeKZYOWbPq5eHr31oBZJLQdxS6Gvi8k2mFj",
    "created_at": "2025-02-18T14:59:35.170Z",
    "carousel": false,
    "gallery": false,
    "image_size": 39712,
    "updated_at": "2025-02-18T14:59:35.170Z"
  },
  {
    "id": 46,
    "title": "kki_logo.png",
    "url": "https://utfs.io/f/26L8Sk7UnuECB6mwoILtiGAb1WuzdjMZ6rO9S2U8Ll3D75pI",
    "created_at": "2025-02-18T15:00:00.591Z",
    "carousel": false,
    "gallery": false,
    "image_size": 39712,
    "updated_at": "2025-02-18T15:00:00.591Z"
  },
  {
    "id": 5,
    "title": "Baglyas",
    "url": "https://utfs.io/f/26L8Sk7UnuECSheGIErBJwXMmcgpOnyY6qTPFChLG0Sl2ukN",
    "created_at": "2024-12-28T10:52:06.748Z",
    "carousel": false,
    "gallery": true,
    "image_size": 0,
    "updated_at": "2025-01-11T10:54:38.565Z"
  },
  {
    "id": 47,
    "title": "BKuti_cimer.jpg",
    "url": "https://utfs.io/f/26L8Sk7UnuECKB4j75iwM9qkW1bhYdTcOEV5rUQnXmvG3JL7",
    "created_at": "2025-02-18T15:04:43.348Z",
    "carousel": false,
    "gallery": false,
    "image_size": 14982,
    "updated_at": "2025-02-18T15:04:43.348Z"
  },
  {
    "id": 3,
    "title": "Polgármesteri hivatal",
    "url": "https://utfs.io/f/26L8Sk7UnuECIaccBCbF3U6xf5SojbkZpQ2y7DV0lPOWMeCB",
    "created_at": "2024-12-06T18:14:05.215Z",
    "carousel": true,
    "gallery": true,
    "image_size": 0,
    "updated_at": "2025-01-11T10:54:38.565Z"
  },
  {
    "id": 48,
    "title": "BKuti_cimer.jpg",
    "url": "https://utfs.io/f/26L8Sk7UnuECkcbT70wPCJb48Ar2U9okYnfdSWvR5pDwstVe",
    "created_at": "2025-02-18T15:08:08.817Z",
    "carousel": false,
    "gallery": false,
    "image_size": 14982,
    "updated_at": "2025-02-18T15:08:08.817Z"
  },
  {
    "id": 2,
    "title": "Játszótér2",
    "url": "https://utfs.io/f/26L8Sk7UnuECw9AGByheWP5jZyfGnp24M8Jrbm0t9vNAFkaB",
    "created_at": "2024-12-06T18:14:05.193Z",
    "carousel": true,
    "gallery": true,
    "image_size": 0,
    "updated_at": "2025-01-24T16:46:51.846Z"
  },
  {
    "id": 49,
    "title": "BKuti_cimer.jpg",
    "url": "https://utfs.io/f/26L8Sk7UnuECoEXIdxAu3SMxWU2adZA8VJYKbfw6OtzGmPIQ",
    "created_at": "2025-02-18T15:10:20.211Z",
    "carousel": false,
    "gallery": false,
    "image_size": 14982,
    "updated_at": "2025-02-18T15:10:20.211Z"
  },
  {
    "id": 50,
    "title": "BKuti_cimer.jpg",
    "url": "https://utfs.io/f/26L8Sk7UnuECnHDiRUypuwvx56J1US2AQWgyPYTDO7XGiend",
    "created_at": "2025-02-18T15:10:54.551Z",
    "carousel": false,
    "gallery": false,
    "image_size": 14982,
    "updated_at": "2025-02-18T15:10:54.551Z"
  },
  {
    "id": 64,
    "title": "6_kep.jpg",
    "url": "https://utfs.io/f/26L8Sk7UnuECnZ1llaypuwvx56J1US2AQWgyPYTDO7XGiend",
    "created_at": "2025-03-23T05:47:18.116Z",
    "carousel": false,
    "gallery": false,
    "image_size": 0,
    "updated_at": "2025-03-23T05:58:19.325Z"
  },
  {
    "id": 35,
    "title": "1_kep.jpg",
    "url": "https://utfs.io/f/26L8Sk7UnuECsKKSMqzBglwcTmdj90FZsYR7yQuMS3OeJ4B1",
    "created_at": "2025-01-24T16:49:12.845Z",
    "carousel": false,
    "gallery": false,
    "image_size": 0,
    "updated_at": "2025-01-24T17:04:50.807Z"
  },
  {
    "id": 36,
    "title": "2_kep.jpg",
    "url": "https://utfs.io/f/26L8Sk7UnuECufbHLszmDBpZYSAVG1czbfeQOu9yK3WLdFln",
    "created_at": "2025-01-24T17:05:10.340Z",
    "carousel": false,
    "gallery": false,
    "image_size": 0,
    "updated_at": "2025-01-24T17:09:33.730Z"
  },
  {
    "id": 38,
    "title": "3a_kep.jpg",
    "url": "https://utfs.io/f/26L8Sk7UnuECYBe5Hqn5diVuyFRbKC6l9PrQOtLBvmwhEopq",
    "created_at": "2025-01-30T08:43:56.669Z",
    "carousel": false,
    "gallery": false,
    "image_size": 0,
    "updated_at": "2025-01-30T08:46:59.081Z"
  },
  {
    "id": 52,
    "title": "26L8Sk7UnuECcHNLIyMGlVyP5pWMY6DoSU8zQmEbCBJ0Nt2O.webp",
    "url": "https://utfs.io/f/26L8Sk7UnuECo5yHF8Au3SMxWU2adZA8VJYKbfw6OtzGmPIQ",
    "created_at": "2025-03-06T08:55:06.459Z",
    "carousel": false,
    "gallery": false,
    "image_size": 138360,
    "updated_at": "2025-03-06T08:55:06.459Z"
  },
  {
    "id": 53,
    "title": "UFO.jpeg",
    "url": "https://utfs.io/f/26L8Sk7UnuECXSrDiHqcZENFc91oCB07LqidpvXmUWH4VeMw",
    "created_at": "2025-03-06T08:56:23.472Z",
    "carousel": false,
    "gallery": false,
    "image_size": 221100,
    "updated_at": "2025-03-06T08:56:23.472Z"
  },
  {
    "id": 54,
    "title": "UFO.jpg",
    "url": "https://utfs.io/f/26L8Sk7UnuEC3AgeVtGVEstpDrH4YmojWGN9uMyOIeCwJlKn",
    "created_at": "2025-03-06T08:57:27.649Z",
    "carousel": false,
    "gallery": false,
    "image_size": 221424,
    "updated_at": "2025-03-06T08:57:27.649Z"
  },
  {
    "id": 55,
    "title": "2025_03_15_Pilvax Kávéház.jpg",
    "url": "https://utfs.io/f/26L8Sk7UnuECM4JateSfVkXvqlZ4gba0UNI8zsDYxnhyrG2d",
    "created_at": "2025-03-06T09:07:10.271Z",
    "carousel": false,
    "gallery": false,
    "image_size": 123252,
    "updated_at": "2025-03-06T09:07:10.271Z"
  },
  {
    "id": 56,
    "title": "2025_03_15_Pilvax Kávéház.jpg",
    "url": "https://utfs.io/f/26L8Sk7UnuECAQF3xuRG0hVAdNUJ9M2RYupFQZcsWLlTxwzk",
    "created_at": "2025-03-06T09:28:43.310Z",
    "carousel": false,
    "gallery": false,
    "image_size": 123252,
    "updated_at": "2025-03-06T09:28:43.310Z"
  },
  {
    "id": 57,
    "title": "2025_03_15_Pilvax Kávéház.jpg",
    "url": "https://utfs.io/f/26L8Sk7UnuECI1Gr4vF3U6xf5SojbkZpQ2y7DV0lPOWMeCBq",
    "created_at": "2025-03-06T09:29:25.705Z",
    "carousel": false,
    "gallery": false,
    "image_size": 123252,
    "updated_at": "2025-03-06T09:29:25.705Z"
  },
  {
    "id": 58,
    "title": "2025_03_15_Pilvax Kávéház.jpg",
    "url": "https://utfs.io/f/26L8Sk7UnuECj8lG98MdVTPH1f4QNIYeZOKG0nqzEAJr6FLg",
    "created_at": "2025-03-06T09:32:25.821Z",
    "carousel": false,
    "gallery": false,
    "image_size": 123252,
    "updated_at": "2025-03-06T09:32:25.821Z"
  },
  {
    "id": 59,
    "title": "2025_03_15_Pilvax Kávéház.jpg",
    "url": "https://utfs.io/f/26L8Sk7UnuEC3sJg1vGVEstpDrH4YmojWGN9uMyOIeCwJlKn",
    "created_at": "2025-03-06T09:34:08.671Z",
    "carousel": false,
    "gallery": false,
    "image_size": 123252,
    "updated_at": "2025-03-06T09:34:08.671Z"
  },
  {
    "id": 60,
    "title": "Könyvjelző.jpg",
    "url": "https://utfs.io/f/26L8Sk7UnuEC1G9RUR789QX6bm0v4B8adyiMJAnfwWCDKkVO",
    "created_at": "2025-03-06T09:38:19.859Z",
    "carousel": false,
    "gallery": false,
    "image_size": 29184,
    "updated_at": "2025-03-06T09:38:19.859Z"
  },
  {
    "id": 61,
    "title": "Könyvjelző.jpg",
    "url": "https://utfs.io/f/26L8Sk7UnuECjy8y1adVTPH1f4QNIYeZOKG0nqzEAJr6FLgy",
    "created_at": "2025-03-06T09:41:08.305Z",
    "carousel": false,
    "gallery": false,
    "image_size": 29184,
    "updated_at": "2025-03-06T09:41:08.305Z"
  },
  {
    "id": 51,
    "title": "Földönkívüli.jpg",
    "url": "https://utfs.io/f/26L8Sk7UnuECcHNLIyMGlVyP5pWMY6DoSU8zQmEbCBJ0Nt2O",
    "created_at": "2025-03-06T08:49:11.670Z",
    "carousel": false,
    "gallery": false,
    "image_size": 0,
    "updated_at": "2025-03-06T16:03:10.884Z"
  },
  {
    "id": 62,
    "title": "Erdo.jpg",
    "url": "https://utfs.io/f/26L8Sk7UnuECKd1xamiwM9qkW1bhYdTcOEV5rUQnXmvG3JL7",
    "created_at": "2025-03-20T19:07:55.662Z",
    "carousel": false,
    "gallery": false,
    "image_size": 730143,
    "updated_at": "2025-03-20T19:07:55.662Z"
  },
  {
    "id": 63,
    "title": "Erdo.jpg",
    "url": "https://utfs.io/f/26L8Sk7UnuECGPCCZIlRAoqETBFgX2U4fvkxMsYmrHbh51an",
    "created_at": "2025-03-20T19:08:22.778Z",
    "carousel": false,
    "gallery": false,
    "image_size": 730143,
    "updated_at": "2025-03-20T19:08:22.778Z"
  },
  {
    "id": 66,
    "title": "8_kep_1910-es_evek.jpg",
    "url": "https://utfs.io/f/26L8Sk7UnuECnNakkPypuwvx56J1US2AQWgyPYTDO7XGiend",
    "created_at": "2025-03-23T05:47:45.189Z",
    "carousel": false,
    "gallery": true,
    "image_size": 0,
    "updated_at": "2025-03-23T05:58:24.689Z"
  },
  {
    "id": 65,
    "title": "7_kep.jpg",
    "url": "https://utfs.io/f/26L8Sk7UnuECpe74Ug60tYOVN4SgU2xuoem6swRjIQKAFZBL",
    "created_at": "2025-03-23T05:47:36.112Z",
    "carousel": false,
    "gallery": false,
    "image_size": 0,
    "updated_at": "2025-03-23T05:58:27.207Z"
  },
  {
    "id": 68,
    "title": "Eboltás.jpg",
    "url": "https://utfs.io/f/26L8Sk7UnuECIaXv38vF3U6xf5SojbkZpQ2y7DV0lPOWMeCB",
    "created_at": "2025-04-16T16:08:50.725Z",
    "carousel": false,
    "gallery": false,
    "image_size": 450167,
    "updated_at": "2025-04-16T16:08:50.725Z"
  },
  {
    "id": 67,
    "title": "Eboltás.jpg",
    "url": "https://utfs.io/f/26L8Sk7UnuECh2bJf6X2NFjoegCyrV3qp4LH1DuZtd5nIKsc",
    "created_at": "2025-04-16T16:07:40.470Z",
    "carousel": false,
    "gallery": false,
    "image_size": 0,
    "updated_at": "2025-04-16T16:09:13.175Z"
  }
]