[
  {
    "id": 69,
    "title": "Lőtéri értesítő - március",
    "thumbnail": "https://utfs.io/f/26L8Sk7UnuECwcWT6w9heWP5jZyfGnp24M8Jrbm0t9vNAFka",
    "content": "## 2025 márciusi értesítő \n\nA márciusi lőtéri értesítőről bővebben itt olvashat: Fájl feltöltve: https://utfs.io/f/26L8Sk7UnuECTLBLdaBsBd7vKsTMS9If2ZzDyiwp5quY30Gm",
    "creator_name": "agota",
    "created_at": "2025-02-19T16:07:46.660Z"
  },
  {
    "id": 64,
    "title": "Farsang febrár 22-én a Közösségi Házban",
    "thumbnail": "https://utfs.io/f/26L8Sk7UnuECLskRArKbp6Sh14YX5LERKwtFsGya3UVgiH8Q",
    "content": "Idén is meg lesz tartva a farsangi mulatság február 22-én 17 órai kezdéssel. További részletek a Bakonykúti Facebook oldalon találhatók. ",
    "creator_name": "agota",
    "created_at": "2025-02-08T09:11:38.436Z"
  },
  {
    "id": 56,
    "title": "Tájékoztató  települési főépítész alkalmazásáról",
    "thumbnail": "https://utfs.io/f/26L8Sk7UnuECXtmPDGcZENFc91oCB07LqidpvXmUWH4VeMwx",
    "content": "\n## Tájékoztató  települési főépítész alkalmazásáról\n\nÉrtesítem a Tisztelt Lakosságot, hogy Bakonykúti Község Önkormányzata 2025. január 2.-től új települési főépítészt alkalmaz **Ertl Antal** személyében.\n## \nErtl Antal főépítész elérhetőségei:\n\nE-mail: ertl.antal@feterv.hu\n\nTelefon: +36 70 3850133\n\nSzemélyesen: Székesfehérvár, Kassai u. 79. Irodában, előzetes egyeztetést követően\n## \nKérem, hogy az építtetésre vonatkozó jogszabályok betartása, valamint településünk\narculatának megőrzése érdekében, az építési tevékenységek megkezdése előtt vegyék igénybe\na települési főépítész szakmai konzultációját, amely a lakosság számára térítés mentes.\n## \nBakonykúti, 2025. január 10.\n## \n\nMarics József\n\npolgármester",
    "creator_name": "agota",
    "created_at": "2025-01-18T15:58:52.410Z"
  },
  {
    "id": 57,
    "title": "Lőtéri értesítő",
    "thumbnail": "https://utfs.io/f/26L8Sk7UnuECwcWT6w9heWP5jZyfGnp24M8Jrbm0t9vNAFka",
    "content": "## 2025 januári értesítő\n\nAz MH Böszörményi Géza Csapatgyakorlótér Parancsnoksága a 2025 januári értesítőjét [ITT](http://www.bakonykuti.hu/loter/Loter202501.pdf) olvashatja. ",
    "creator_name": "agota",
    "created_at": "2025-01-18T16:14:15.855Z"
  },
  {
    "id": 63,
    "title": "Lőtéri értesítő - február",
    "thumbnail": "https://utfs.io/f/26L8Sk7UnuECwcWT6w9heWP5jZyfGnp24M8Jrbm0t9vNAFka",
    "content": "## 2025 februári értesítő\n\nAz MH Böszörményi Géza Csapatgyakorlótér Parancsnoksága a 2025 januári értesítőjét [ITT](http://www.bakonykuti.hu/loter/Loter202502.pdf) olvashatja. ",
    "creator_name": "agota",
    "created_at": "2025-01-23T08:13:53.004Z"
  },
  {
    "id": 65,
    "title": "Álláshirdetés",
    "thumbnail": "https://utfs.io/f/26L8Sk7UnuECB6mwoILtiGAb1WuzdjMZ6rO9S2U8Ll3D75pI",
    "content": "## A BM Katasztrófavédelmi Főigazgatóság a következő állásra keres jelentkezőket: \n\nhttps://utfs.io/f/26L8Sk7UnuECwclnBlSheWP5jZyfGnp24M8Jrbm0t9vNAFka",
    "creator_name": "agota",
    "created_at": "2025-02-18T15:02:54.369Z"
  },
  {
    "id": 62,
    "title": "Vándortábor felhívás",
    "thumbnail": "https://utfs.io/f/26L8Sk7UnuECCZEIrDoD3h5BTWPtNcop4XHGVmvlbLQxAy71",
    "content": "## Vándortáborok \n\n*Fedezz fel! Vezess! Inspirálj!*\n## \nNyáron kilencedik alkalommal indulnak útnak az egyhetes vándortáborok, melyekre január 30-tól lehet jelentkezni.\n## \nEnnek érdekében szeretnénk felhívni a figyelmét egy kiváló ár-érték arányú táborozási lehetőségre, a Vándortábor Programra, melyekhez kedvező feltételeket kínálunk:\n## \nA részvételi díj az utazási költséget kivéve mindent tartalmaz. A táborozók 49 000 forintért kapnak szállást, étkezést és programokat a 7 napos turnusokon.\n## \nA csoportvezető pedagógusok a vándortáboros csoportvezetésért bruttó 150 000 forint díjazásban részesülnek. \n## \nA hátrányos helyzetû és a halmozottan hátrányos helyzetű gyerekek 50%-os kedvezménnyel vehetnek részt a táborokban, nekik a részvételi díj 24 500 forint.\n## \nA pedagógusok és a kísérők 20 000 forintért végezhetik el a 30 órás akkreditált gyalogos, vízi vagy kerékpáros vándortábor-vezető képzést.\n## \nA jelentkezés január 30. (csütörtök) 20:00-kor indul, a felhívás a szervezetek honlapjain érhetõ el:\n## \n**[ErdeiVándor](https://www.erdeivandor.hu/jelentkezesi-felhivas/), [BringásVándor](https://www.bringasvandor.hu/bringasvandor/#jelentkezesi-felhivas), [VíziVándor](https://vizivandor.hu/palyazati-kiiras/), [Zarándoktábor](https://zarandoktabor.hu/jelentkezesi-felhivas)**\n## \nBõvebb információért látogasson el a honlapra: https://vandortabor.hu/\n\nVándotábor bemutató  [ITT](http://www.bakonykuti.hu/Hirdet/Vandortabor2025.pdf)",
    "creator_name": "agota",
    "created_at": "2025-01-23T08:08:55.906Z"
  },
  {
    "id": 68,
    "title": "MEGHÍVÓ - nyilvános testületi ülés",
    "thumbnail": "https://utfs.io/f/26L8Sk7UnuECnHDiRUypuwvx56J1US2AQWgyPYTDO7XGiend",
    "content": "## MEGHÍVÓ - nyilvános testületi ülés\n\nBakonykúti Községi Önkormányzat Képviselő-testülete\n2025. február 27-én (csütörtökön) 17.00 órakor \nrendes, nyilvános testületi ülést tart.\n\nA napirendi pontokról bővebben itt olvashat: \nhttps://utfs.io/f/26L8Sk7UnuECfTzii6Hu3aru6LDUb0V8oGMOFt5cR72B1Qkq",
    "creator_name": "agota",
    "created_at": "2025-02-18T15:11:06.515Z"
  },
  {
    "id": 70,
    "title": "A földönkívüli élet lehetősége a Naprendszerben és azon túl",
    "thumbnail": "https://utfs.io/f/26L8Sk7UnuECcHNLIyMGlVyP5pWMY6DoSU8zQmEbCBJ0Nt2O",
    "content": "Talabér Gergely amatőrcsillagász előadása a BAKONYKÚTI KÖZÖSSÉGI HÁZBAN\n\n## \nTovábbi információ: https://utfs.io/f/26L8Sk7UnuECCJaSKDoD3h5BTWPtNcop4XHGVmvlbLQxAy71\n\nMindenkit szeretettel várunk!",
    "creator_name": "agota",
    "created_at": "2025-03-06T09:01:42.887Z"
  },
  {
    "id": 73,
    "title": "Könyvjelző - a bakonykúti könyvklub",
    "thumbnail": "https://utfs.io/f/26L8Sk7UnuECjy8y1adVTPH1f4QNIYeZOKG0nqzEAJr6FLgy",
    "content": "Ahogyan minden hónapban, márciusban is szeretettel várnak a könyvbarátok minden érdeklődőt a bakonykúti könyvklubon, a Könyvjelzőn!",
    "creator_name": "agota",
    "created_at": "2025-03-06T09:41:51.723Z"
  },
  {
    "id": 72,
    "title": "Március 15. Ünnepi megemlékezés ",
    "thumbnail": "https://utfs.io/f/26L8Sk7UnuEC3sJg1vGVEstpDrH4YmojWGN9uMyOIeCwJlKn",
    "content": "2025.03.15-én szombaton 9 és 11 óra között a Bakonykúti Közösségi Ház kávézóként üzemel.\n## \nÜnnepi megemlékezésünkre mindenkit szeretettel várunk!\nBakonykúti Község Önkormányzata ",
    "creator_name": "agota",
    "created_at": "2025-03-06T09:34:38.183Z"
  },
  {
    "id": 74,
    "title": "Lőtéri értesítő - április",
    "thumbnail": "https://utfs.io/f/26L8Sk7UnuECwcWT6w9heWP5jZyfGnp24M8Jrbm0t9vNAFka",
    "content": "## 2025 márciusi értesítő \n\nAz áprilisi lőtéri értesítőről bővebben itt olvashat:  https://utfs.io/f/26L8Sk7UnuECTcPBJvsBd7vKsTMS9If2ZzDyiwp5quY30Gmx ",
    "creator_name": "agota",
    "created_at": "2025-03-20T18:45:04.121Z"
  },
  {
    "id": 55,
    "title": "Hulladéknaptár 2025",
    "thumbnail": "https://utfs.io/f/26L8Sk7UnuECM1Xe6JSfVkXvqlZ4gba0UNI8zsDYxnhyrG2d",
    "content": "\n\n## Hulladéknaptár - Bakonykúti\n\nTelepülési vegyes hulladék gyûjtési nap: **Hétfõ**\n## \nKérjük a hulladékokat a szállítás napján reggel 6 óráig az ingatlanok elé szíveskedjenek kirakni úgy, hogy az se a gyalogos, se a jármű forgalmat ne akadályozza.\n## \n## Szelektív hulladék gyűjtési napok:\n\nA járat átszervezése a szelektív napokat a következőképp érinti: a korábbi páratlan csütörtök helyett **2025. július 1**-től a páros hétfő lesz a gyűjtés napja Bakonykúti településen.\n\n## \nTovábbi részletek itt [PDF](https://utfs.io/f/26L8Sk7UnuECRFofCrgOMzl8R0LVyP71WfxAQKYCqZmBGUud)",
    "creator_name": "admin",
    "created_at": "2025-01-18T15:44:37.131Z"
  },
  {
    "id": 75,
    "title": "MEGHÍVÓ a VERGA Vadászterület tulajdonosi közösségének gyűlésére (2025.04.24, 8:00-9:00):",
    "thumbnail": "https://utfs.io/f/26L8Sk7UnuECGPCCZIlRAoqETBFgX2U4fvkxMsYmrHbh51an",
    "content": "## MEGHÍVÓ a VERGA Vadászterület tulajdonosi közösségének gyűlésére\n\nIdeje:  2025.04.24, 8:00-9:00\nHelye: VERGA Zrt. Irodaépülete: 8200 Veszprém, Jutasi út 10. \n## \nBővebb információ: \n https://utfs.io/f/26L8Sk7UnuECHms9aAPrhOQ7z5tdNT6PIwFxqfA2XscmnvoM\n\nhttps://utfs.io/f/26L8Sk7UnuECj2meBsdVTPH1f4QNIYeZOKG0nqzEAJr6FLgy",
    "creator_name": "agota",
    "created_at": "2025-03-20T19:08:28.309Z"
  },
  {
    "id": 76,
    "title": "Eboltás Bakonykútiban és környékén",
    "thumbnail": "https://utfs.io/f/26L8Sk7UnuECIaXv38vF3U6xf5SojbkZpQ2y7DV0lPOWMeCB",
    "content": "## Eboltás Bakonykútiban\n\nÁprilis 28-án 7:30-8:00\n\nTovábbi információk: https://utfs.io/f/26L8Sk7UnuECugeFL9zmDBpZYSAVG1czbfeQOu9yK3WLdFln\n\nIlletve a környéken más időpontokban: https://utfs.io/f/26L8Sk7UnuEClzqgyBpuj9t2oESZxJThfvnqIKeawNB08iAm",
    "creator_name": "agota",
    "created_at": "2025-04-16T16:11:47.776Z"
  },
  {
    "id": 77,
    "title": "Lőtéri értesítő - Május",
    "thumbnail": "https://utfs.io/f/26L8Sk7UnuECwcWT6w9heWP5jZyfGnp24M8Jrbm0t9vNAFka",
    "content": "## 2025 májusi értesítő \n\nA májusi lőtéri értesítőről bővebben itt olvashat:  https://utfs.io/f/26L8Sk7UnuECErrq6seDfCRWZAPiqY1BUG5V8Mz3t920HXwj",
    "creator_name": "agota",
    "created_at": "2025-04-17T09:53:46.412Z"
  },
  {
    "id": 78,
    "title": "Bakonykúti Községi Önkormányzat Képviselő-testületi ülés - 2025.04.24 17:00",
    "thumbnail": "https://utfs.io/f/26L8Sk7UnuECnHDiRUypuwvx56J1US2AQWgyPYTDO7XGiend",
    "content": "## MEGHÍVÓ\n\nBakonykúti Községi Önkormányzat Képviselő-testülete\n2025. április 24-én (csütörtökön) 17.00 órakor \nrendes, nyilvános testületi ülést tart, amelyre ezúton tisztelettel meghívom.\n\nAz ülés helye: Községháza (Bakonykúti, Szabadság u. 41.)                         \n## \nNapirendi javaslat: \n\n1)\tTájékoztatás az egészségügyi ellátás helyzetéről – Dr. Rumann Hildegard háziorvos előterjesztésében\n\n2)\tJavaslat a 2024. évi belső ellenőri éves összefoglaló jelentés elfogadásáról – a jegyző előterjesztésében \n\n3)\tJavaslat a munkamegosztás és felelősségvállalás rendjéről szóló megállapodás elfogadására – a jegyző előterjesztésében\n\n4)\tJavaslat a 2024. évi nem közművel összegyűjtött szennyvíz közszolgáltatás költségelszámolásának elfogadására – a polgármester előterjesztésében\n\n5)\tPolgármesteri tájékoztató az előző ülés óta végzett munkáról, főbb intézkedésekről, eseményekről – a polgármester előterjesztésében\n\n6)\tEgyebek\n\n\tKérem a tisztelt képviselőket, hogy a napirend fontosságára való tekintettel a képviselő-testületi ülésen szíveskedjenek megjelenni! Kérem, hogy esetleges akadályoztatását szíveskedjen előre jelezni!\n\n\nBakonykúti, 2025. április 17.\n## \n\nTisztelettel: \n\nMarics József\n\nPolgármester\n",
    "creator_name": "agota",
    "created_at": "2025-04-17T11:16:52.773Z"
  },
  {
    "id": 79,
    "title": "MEGHÍVÓ Bakonykúti Községi Önkormányzat Képviselő-testülete 2025. május 29-én (csütörtökön) 16.30 órakor  rendes, nyilvános testületi ülést tart",
    "thumbnail": "https://utfs.io/f/26L8Sk7UnuECnHDiRUypuwvx56J1US2AQWgyPYTDO7XGiend",
    "content": "## Az ülés helye: Községháza (Bakonykúti, Szabadság u. 41.)                         \n\n**Napirendi javaslat:** \n1)\tAz önkormányzat gyermekjóléti és gyámügyi tevékenységének átfogó értékelése – a jegyző előterjesztésében\n2)\tBeszámoló a Vörösmarty Mihály Könyvtár által a KSZR-ben végzett tevékenységről – Horváth Adrienn igazgató előterjesztésében\n3)\tBeszámoló az Iszkaszentgyörgyi Közös Önkormányzati Hivatal 2024. évi költségvetésének végrehajtásáról – a jegyző előterjesztésében\n4)\tJavaslat az önkormányzat 2024. évi költségvetésének végrehajtásáról szóló beszámoló elfogadására – a polgármester előterjesztésében \n5)\tBeszámoló az Iszkaszentgyörgyi Közös Önkormányzati Hivatal 2024. évi munkájáról – a jegyző előterjesztésében\n6)\tJavaslat az Iszkaszentgyörgyi Közös Önkormányzati Hivatal tekintetében nyári, téli igazgatási szünet elrendelésére – a jegyző előterjesztésében\n7)\tJavaslat a polgármester tiszteletdíjának és költségtérítésének megállapítására - a polgármester előterjesztésében \n8)\tJavaslat a fogorvosi feladatellátási szerződés VI. számú módosítására - a polgármester előterjesztésében\n9)\tJavaslat közvilágítás korszerűsítésére és üzemeltetésére vonatkozó árajánlat elfogadására - polgármester előterjesztésében\n10)\tJavaslat az Iszkaszentgyörgyi Szociális Intézményi Társulás Társulási Megállapodásának VII. számú módosítására – a polgármester előterjesztésében\n11)\tPolgármesteri tájékoztató az előző ülés óta végzett munkáról, főbb intézkedésekről, eseményekről – a polgármester előterjesztésében\n12)\tEgyebek\n\tKérem a tisztelt képviselőket, hogy a napirend fontosságára való tekintettel a képviselő-testületi ülésen szíveskedjenek megjelenni! Kérem, hogy esetleges akadályoztatását szíveskedjen előre jelezni!\n\nBakonykúti, 2025. április 22.\n## \n                                                                                                           \n   Tisztelettel:\n## \nMarics József\n\npolgármester\n",
    "creator_name": "agota",
    "created_at": "2025-05-26T16:21:14.139Z"
  },
  {
    "id": 80,
    "title": "Lőtéri értesítő - Június ",
    "thumbnail": "https://utfs.io/f/26L8Sk7UnuECwcWT6w9heWP5jZyfGnp24M8Jrbm0t9vNAFka",
    "content": "## 2025 júniusi értesítő \n\nA júniusi lőtéri értesítőről bővebben itt olvashat:   https://utfs.io/f/26L8Sk7UnuECr7hmlMbVX5JwIdfPKubn4WEsNUiZezhFy3OY",
    "creator_name": "agota",
    "created_at": "2025-05-26T16:26:18.039Z"
  },
  {
    "id": 81,
    "title": "Guttamási bányanyitás",
    "thumbnail": "https://utfs.io/f/26L8Sk7UnuECnHDiRUypuwvx56J1US2AQWgyPYTDO7XGiend",
    "content": "## Fejér Megyei Kormányhivatal Székesfehérvári Járási Hivatala, Környezetvédelmi és Természetvédelmi Fõosztály 2018. január 3. napján kelt, FE-08/KTF/95-1/2018. iktatószámú határozatát megsemmisítõ KHFF/134-33/2025-EM iktatószámú határozat közhírré tétele\n\nA bányanyitással kapcsolatos legfrissebb információkat a következő dokumentumokban olvashatók: \n## \nHatározat hirdetés:  https://utfs.io/f/26L8Sk7UnuECWMEUYxjMe78C4Hl1gVLjSdwtzqbmKROP0uki\n## \nHatározat:  https://utfs.io/f/26L8Sk7UnuEC2ctvuHUnuECB16T3NaRGHbkgyItv9Smfci0q",
    "creator_name": "agota",
    "created_at": "2025-05-29T13:21:37.892Z"
  },
  {
    "id": 82,
    "title": "Állami támogatással telepíthető korszerű, környezetbarát szennyvíztisztító berendezések",
    "thumbnail": "https://utfs.io/f/26L8Sk7UnuECIaccBCbF3U6xf5SojbkZpQ2y7DV0lPOWMeCB",
    "content": "\nA következő email érkezett a Polgármesteri Hivatalba, melyet most módosítás nélkül közlünk:\n\n## Biológiai szennyvíztisztító berendezések gyártása, telepítése.\n\nTisztelt Polgármester Asszony/Úr!\n## \nA 2026. június 30-ig igényelhető otthonfelújítási támogatás először nyújt lehetőséget arra, hogy csatornázatlan ingatlanok tulajdonosai állami támogatással telepíthessenek korszerű, környezetbarát szennyvíztisztító berendezést.\n## \nA szennyvízkezelés sok településen évek óta megoldatlan vagy ideiglenes eszközökkel kezelhető kérdés. A lakosság részéről egyre erősebb az igény, az önkormányzatok pedig sok esetben már megfogalmazták fejlesztési szándékukat – azonban a közműves szennyvízhálózat kiépítése túl drága, pályázati forrás nem elérhető, vagy a településszerkezet miatt nem minden utcában kivitelezhető.\n## \nGyakori, hogy egyes utcákban, településrészeken ma is zárt tárolók, ideiglenes megoldások, rendszeres szippantás jelenti a szennyvízkezelést. Ez nemcsak költséges és kényelmetlen, hanem környezetvédelmi szempontból sem hosszú távú megoldás.\n## \nA támogatás most lehetőséget ad arra, hogy a háztartások saját maguk korszerűsítsék a szennyvízkezelést egy jogszabályilag elfogadott, hosszú távú, önálló működésű biológiai tisztítórendszerrel.\n## \nAz ÖkoTech-Home Kft. által fejlesztett és gyártott A.B.Clear szennyvíztisztító:\n\n– nem igényel szippantást-iszapzsákos technológia\n\n– a tisztított víz helyben újrahasznosítható\n\n– CE minősítéssel és EN 12566-3 szabvánnyal rendelkezik\n\n– magyar termék, hazai háttérrel és szervizszolgáltatással\n\n– minimális karbantartást igényel, hosszú élettartamú\n## \n\nKérjük, tájékoztassák a lakosságot erről a lehetőségről, akár hirdetőtáblán, akár közösségi felületen, vagy egy lakossági fórumon keresztül. Ez valódi településfejlesztési lépés, amely sok családnak jelent hosszú távú megoldást.\n## \nEgyben szeretnénk megkérdezni Öntől, mint a település vezetőjét:\nmilyen megoldás működik jelenleg a nem csatornázott ingatlanok esetében?\nLátják-e, hallják-e az igényt a lakosság részéről, vannak-e tervek e téren?\n\nKérjük, akkor is szíveskedjenek visszajelezni, ha jelenleg nem aktuális a téma, hogy tudjuk, hol lehet érdemi párbeszédet folytatni. Válaszukat előre is köszönjük, minden érdeklődő önkormányzatnak teljes körű szakmai és műszaki támogatást nyújtunk.\n## \nTovábbi információ:\nweboldal: www.okotechhome.hu\nközponti telefon +36 33 200 211\n## \nÜdvözlettel:\n\naz ÖkoTech-Home Kft.\n\nSzennyvíztisztító rendszerek, 2004 óta kizárólag ezzel foglalkozunk.\" ",
    "creator_name": "agota",
    "created_at": "2025-06-04T14:39:22.745Z"
  }
]