[
  {
    "id": 27,
    "title": "Közérdekü adatok",
    "content": "Törvényes",
    "slug": "onkormanyzat/kozerdeku-adatok",
    "last_modified": "2025-01-23T16:35:43.887Z"
  },
  {
    "id": 13,
    "title": "Képviselő testület",
    "content": "\n2024-2029\n\n\n\n\n|    Név    |  Titulus  |\n| ------------------- | ------------- |\n| Marics József        | polgármester polgarmester@bakonykuti.hu|\n| Márkus Erika        | alpolgármester |\n| Horel Ágota         | képviselő     |\n| Pató Ágnes          | képviselő     |\n| Talaberné Fodor Éva | képviselő     |\n\n## \n[Bakonykúti Községi Önkormányzat Képviselő-testülete 2025-2029 évekre szóló gazdasági programja, fejlesztési terve](https://utfs.io/f/26L8Sk7UnuECpetpLib0tYOVN4SgU2xuoem6swRjIQKAFZBL) \n\t\t",
    "slug": "onkormanyzat/kepviselo-testulet",
    "last_modified": "2025-04-08T16:27:15.689Z"
  },
  {
    "id": 28,
    "title": "Hirdetmény",
    "content": "A legfrissebb hirdetmények elérhetőek itt. \n## \nVERGA haszonbérleti díj: \n\nhttps://utfs.io/f/26L8Sk7UnuECj2meBsdVTPH1f4QNIYeZOKG0nqzEAJr6FLgy\n## \nMEGHÍVÓ a VERGA Vadászterület tulajdonosi közösségének gyűlésére (2025.04.24, 8:00-9:00): \n\nhttps://utfs.io/f/26L8Sk7UnuECHms9aAPrhOQ7z5tdNT6PIwFxqfA2XscmnvoM\n## \n\t\t",
    "slug": "onkormanyzat/hirdetmenyek",
    "last_modified": "2025-03-20T19:35:20.254Z"
  },
  {
    "id": 62,
    "title": "Körzeti Megbízott",
    "content": "wip2",
    "slug": "kozerdeku/korzeti-megbizott",
    "last_modified": "2025-03-29T13:09:26.593Z"
  },
  {
    "id": 34,
    "title": "Településrendezési eszközök és arculati kézikönyv",
    "content": "## Bakonykúti Község jóváhagyott településfejlesztési koncepciója, településszerkezeti terve, helyi építési szabályzata és arculati kézikönyve \n\n1. TELEPÜLÉSFEJLESZTÉSI KONCEPCIÓ\n \n\n[H27.sz. Határozat - koncepció](http://www.bakonykuti.hu/bkhesz/27hat.pdf)\n \n\n[BAKONYKÚTI TELÜLÉSFEJLESZTÉSI KONCEPCIÓ](http://www.bakonykuti.hu/bkhesz/BKTFK.pdf)\n\n \n \n\n2. TELEPÜLÉSSZERKEZETI TERV\n \n\n[BAKONYKÚTI TSZT Határozat és leírás](http://www.bakonykuti.hu/bkhesz/BKTSZTHAT.pdf)\n\n \n\n[TSZT SZERKEZETI TERV](http://www.bakonykuti.hu/bkhesz/TSZTszt.pdf)\n\n \n\n3. HELYI ÉPÍTÉSI SZABÁLYZAT\n \n\n[BAKONYKÚTI HÉSZ](http://www.bakonykuti.hu/bkhesz/BKHESZ.pdf)\n\n \n\n[HÉSZ 2.sz MELLÉKLET : SZT-1 Belterületi szabályozási terv](http://www.bakonykuti.hu/bkhesz/SZT1Belt.pdf)\n\n \n\n[HÉSZ 3.sz. MELLÉKLET: SZT-2 Külterületi szabályozási terv](http://www.bakonykuti.hu/bkhesz/SZT2Kult.pdf)\n\n \n\n[HESZ 3. függelék mintakeresztszelvenyek](http://www.bakonykuti.hu/bkhesz/BKHESZ3mkszelv.pdf)\n\n ## \n[TELEPÜLÉS ARCULATI KÉZIKÖNYV](http://www.bakonykuti.hu/rend/Bakonykuti_TAK.pdf)\n \n\n \n## \n## TELEPÜLÉSKÉP VÉDELEM\n \n\nKözérthetõ tájékoztató a településkép védelmérõl szóló rendelet módosításáról [itt](http://www.bakonykuti.hu/Hirdet/S25C-921111112011.pdf)! /2021.10.11/\n\n \n\n \n## \nTájékoztató a településkép védelmérõl szóló önkormányzati rendeletrõl és a települési fõépítész alkalmazásáról\n\n[Megnyitás PDF-ben](http://www.bakonykuti.hu/Hirek/FoepiteszTajekoztato.pdf)\n## \n\n\nAz eljárások szakszerû lefolytatása érdekében Bakonykúti Község Önkormányzata 2025. január 1-tõl települési fõépítészt foglalkoztat. A települési fõépítész elérhetõségei az alábbiak:\n\n·         Név:           Eartl Antal\n\n·         Telefon:      +36/70-385-0133\n\n·         e-mail:        ertl.antal@feterv.hu\n\n·         személyesen:        Székesfehérvár, Kassai utca 79. Irodában, előzetes egyeztetést követően. \n\n\n## \n",
    "slug": "onkormanyzat/telepulesrendezesi-eszkozok-es-arculati-kezikonyv",
    "last_modified": "2025-01-23T16:22:21.343Z"
  },
  {
    "id": 26,
    "title": "Elérhetőségek",
    "content": "\nIszkaszentgyörgyi Közös Önkormányzati hivatal elérhetőségei:\n- Telefon: 22-596-026 vagy 22-441-010\n- E-mail: jegyzo@iszkaszentgyorgy.hu\n\nBakonykúti Önkormányzati hivatal elérhetőségei:\n- Ügyfélfogadás kedden 08.00-12.00-ig\n- Telefon: 22-596-026\n- E-mail: polgarmester@bakonykuti.hu\n\n\t\t",
    "slug": "onkormanyzat/elerhetosegek",
    "last_modified": "2025-01-23T16:26:10.262Z"
  },
  {
    "id": 19,
    "title": "Iszkaszentgyörgyi Közös Önkormányzati Hivatal ",
    "content": "\n## **Iszkaszentgyörgyi Közös Önkormányzati hivatal ügyfélfogadása:**\n\n\n\nHétfõ: 13:00 – 15:30\n\nKedd : 08:00-12:00\n\nSzerda: 08:00-12:00 és 13:00-15:30\n\nCsütörtök: Nincs\n\nPéntek: 8:00-12:00\n \n\n## **Iszkaszentgyörgyi Közös Önkormányzati hivatal elérhetõségei:**\n\nTelefon: 22-596-026 vagy 22-441-010\n\nFax: 22-596-027\n\nE-mail: jegyzo@iszkaszentgyorgy.hu\n\n ## \n\nBővebb információ a Közös Hivatal munkatársairól és ügyfélfogadási rendjéről itt található: https://iszkaszentgyorgy.hu/onkormanyzat/kozos-hivatal-munkatarsai-es-ugyfelfogadasi-rendje/ \n\t",
    "slug": "onkormanyzat/iszkaszentgyorgyi-kozos-onkormanyzati-hivatal",
    "last_modified": "2025-01-23T16:29:48.203Z"
  },
  {
    "id": 16,
    "title": "Önkormányzati rendeletek",
    "content": "\n[Nemzei Jogszabálytár](https://or.njt.hu/onkorm/-:19:3678:-:-:1:-:-:-/1/10)\n\n6/2022 rendelet\n\nSzemélyes gondoskodást nyújtó szociális ellátások térítési díjainak változása\n\n10/2021 rendelet\n\nSzemélyes gondoskodást nyújtó szociális ellátások (egységes szerkezetbe foglalt)\n\n\t\t",
    "slug": "onkormanyzat/onkormanyzati-rendeletek",
    "last_modified": "2024-12-08T21:57:44.405Z"
  },
  {
    "id": 2,
    "title": "Látnivalók",
    "content": "\n### Vendéglátás és kirándulási lehetőségek\n\nBakonykútiban több vendégház várja a turistákat, akik nyugodt, természetközeli pihenésre vágynak. \n## \nA faluból számos kirándulási lehetőség kínálkozik:\n\n- **Baglyas-hegy**: A környék legszebb panorámája nyílik innen.\n- **Bogrács-hegy**: Kincsesbánya irányában található.\n- **Burok-völgy**: Ritka természeti szépségű völgy, amelyet több helyen meredek sziklafalak határolnak.\n\n\n---\n\n\n### **Baglyas-hegy**\n\n![kep](https://upload.wikimedia.org/wikipedia/commons/9/93/Turistaut.jpg)\n## \nA 363 méter magas Baglyas-hegy tömbje, különösen távolabbról nézve, tűzhányóra emlékeztet. Ez a terület:\n\n- Fehérlő réteghatároktól szeletelt falakkal,\n- Mély horhosokkal,\n- Keskenyre kopott gerincekkel,\n- Leszakadozott, állat-formájú sziklákkal,\n- Elvetélődött, elvonszolódott dolomit-tömbökkel, amelyek egy bizarr világot alkotnak.\n\nA csúcsáról zavartalan körpanoráma nyílik:\n\n- **Kelet felé**: Székesfehérvár.\n- **Észak felé**: A Vértes egy része, például a Móri-árok, Csóka-hegy és Csókakő.\n- **Nyugat felé**: A Bakony közeli részletei: Burok-völgy szájadéka, Tési-fennsík laposa, Keleti-Bakony magasabb régiói.\n\nA tetőn található egy antennatorony és egy kopjafa, amelyet 1991-ben állítottak. Az évfordulóján, június végéhez eső szombaton, sok kiránduló zarándokol ide.\n\n---\n\n### **Burok-völgy**\n\nA Burok-völgy Magyarország egyik legérdekesebb természetvédelmi területe. Ritka természeti jelenségekkel, botanikai és zoológiai érdekességekkel várja a látogatókat.\n\n#### **Fekvése**\n\n- A völgy a **Keleti-Bakonyban**, Fejér és Veszprém megye határán található.\n- **Hossza**: Mintegy 12 km Királyszállástól Bakonykúti községéig.\n- **Mélysége**: 50–90 méter, számos függőleges sziklafallal.\n- **Szintkülönbsége**: Kb. 200 méter.\n\n#### **Kialakulása és barlangjai**\n\n- A völgy kanyon jellege **hasadásos eredetű**, nem folyóvízi erózió okozta.\n- A felemelkedő kőzetréteg feszültsége töréseket és sziklaformációkat hozott létre.\n- **Barlangok**: 42 barlangot tártak fel eddig, ezek többsége kicsi (átlagos hosszuk 5–8 méter).\n    - **Ruska-zsomboly**: A legnagyobb barlang a Bükkös-árok mellett található, hossza 73 méter, mélysége 21 méter.\n\n#### **Növény- és állatvilág**\n\n- A völgy klímája eltér környezetétől: hűvösebb és párásabb, ami lehetővé tette jégkorszaki növényfajok fennmaradását, mint például:\n    - **Havasi hagyma**\n    - **Cifra nádtippan**\n    - **Fürtös holdruta**\n- Több mint 200 madárfaj figyelhető meg, közülük soknak fészkelőhelyet biztosít a völgy.\n\nA Burok-völgy különlegessége, hogy Magyarország egyik egyedülállóan ősi állapotban megmaradt természetes erdeje. Ez a terület lehetőséget nyújt a természet regenerációs folyamatainak tanulmányozására.",
    "slug": "bakonykuti/latnivalok",
    "last_modified": "2025-01-13T15:55:29.674Z"
  },
  {
    "id": 9,
    "title": "Bakonykúti Környéke",
    "content": "\n### **Iszkaszentgyörgy** _(10 km)_\n\n- **Kastély**\n- **Katolikus templom**\n- **Szent György Kápolna**\n- **Csillaghegyi kilátó**\n- **Kőpiramis**\n\n### **Kincsesbánya** _(9 km)_\n\n- **Bányász emlékhely**\n\n### **Fehérvárcsurgó** _(11 km)_\n\n- **Gaja-völgyi tájcentrum** _(7.6 km)_\n    - Víztározó\n- **Károlyi kastély**\n\n### **Csókakő** _(19 km)_\n\n- **Csókakői vár**\n\n### **Bodajk** _(13 km)_\n\n- **Segítő Szűz Mária kegytemplom**\n- **Kálvária domb**\n- **Szoborpark**\n    ",
    "slug": "bakonykuti/kornyekunk",
    "last_modified": "2025-01-23T15:53:29.416Z"
  },
  {
    "id": 6,
    "title": "Bakonykúti Története",
    "content": "\n## Bakonykúti története a kezdetektől a falu újraalapításáig\n\n**Az első ismert lakók nyomában Bakonykúti területén – rézkori és bronzkori telepek a falu határában**\n## \nBakonykúti közigazgatási területének legkorábbi régészeti lelőhelye a rézkorra (Kr. e. 4500–2800) tehető; Bakonykúti-puszta mellett, egy ma már csak időszaki vízfolyás keleti partján helyezkedett el.  Pattintott köveket, háztapasztás mintával díszített vastag töredékét, és kézzel formált edények töredékeit gyűjtötték össze régészek – az egykori telep földalatti maradványairól árulkodó felszíni nyomokként – egy 2014. évi terepbejáráson.\nA középső bronzkori vatya kultúrába (Kr. e. 2000–1500) sorolható az a telep, amelynek a nyomaira 1981-ben egy mezőgazdasági mintavétel során figyeltek fel cseréptöredékek alapján a falu széli kőfeszület közelében, a Közép-dűlő nevű határrészen. Az István Király Múzeumból Jungbert Béla régész szállt ki a helyszínre, és megállapította, hogy 60-80 cm-es mélységből, egy bronzkori veremből kerültek a felszínre a korabeli kerámiatöredékek és állatcsontok. 2018 decemberében a Szent István Király Múzeum munkatársai felszíni leletgyűjtéssel határolták le a bronzkori telep kiterjedését.\n\n## \n**A második magyar „régésznő”, gróf Zichy Paulina bakonykúti ásatása 1884-ben**\n## \nGróf Zichy Paulinát (1836–1890) a legutóbbi időkig méltatlanul elfeledte az utókor. \n## \n![Gróf Zichy Paulina](https://utfs.io/f/26L8Sk7UnuECsKKSMqzBglwcTmdj90FZsYR7yQuMS3OeJ4B1)\n## \nPedig a grófnő alig egy évtizeddel az első magyar régésznő, Torma Zsófia (1832–1899) tordosi feltárását követően – a Tróját felfedező Heinrich Schliemann kortársaként az európai régészet hőskorában – vezetett ásatást, és ezzel a második magyar ásatásvezető nőt tisztelhetjük benne. 1880-ban tudósított róla a Fehérvári Hiradó, hogy a „*fejérmegyei és Székesfejérvár Városi régiségtárt*” a nyár folyamán megtekintette a férjével, és igen nagy érdeklődéssel vizsgálta az ott levő régiségeket. 1884-ben pedig a Pesti Napló adott hírt arról a legbővebben, hogy „*Kuti pusztától nyugatra, mérsékelt emelkedésű halomnak éjszaki lejtőjén, gyönyörü ponton, mindennap reggeltől estélig egy főuri hölgyet látni, munkások nagy számától körülvéve. Fáradhatatlan türelemmel figyel, a munkásokkal munkálkodik maga is, megvizsgál behatóan minden cserepet, faragott követ, csontdarabot stb. Mert hát a főuri hölgy, Schläger Jánosné szül. gróf Zichy Paulina, a maga tulajdon birtokán, nagy költséggel ásat, a régiség tudománynak áldozik*”. Feltárta a középkori Kuti falu templomának romjait, amit a „*falu lakosainak szóhagyománya után indulva*” talált meg. Ez a „szóhagyomány” megőrizte az akkor már talán több mint három évszázada felhagyott, és pusztulásra ítélt templom helyét. A templom körüli temetőben is ásott, ahol „*számos csontváz vala, érdekes régi fegyverdarabok, pénzek, bronzgyürük, sarkantyuk stb.*”. \n## \n**Római villa a bakonykúti fennsíkon?**\n## \nA grófnő ásatási munkásai a középkori templom körüli temetőtől néhány méterrel odébb akadtak „*római vizvezetőcsövekre*”, majd egy liliomos oszlopfőre, és vagy 18 vörösmárvány oszlopra. Utóbbiakról szinte biztosan kizárhatjuk, hogy egy középkori falusi templomhoz tartoztak volna, a leírás alapján sokkal inkább egy évezreddel korábban állott római villaépületet sejthetünk a közelben. A pazar kilátás és a forrásvíz közelsége tökéletesen alkalmas helyszín egy villagazdaság reprezentatív központi épületének. A római kori pezsgő életre utal a környezetében előkerült számos lelet is (például edénytöredékek, pénzérmék és ruhakapcsoló tűként használt ún. fibulák). Mindenesetre további kutatások gyarapíthatják majd a római kori lelőhelyről alkotott tudásunkat.\n## \n**A bakonykúti-pusztai avar kori hölgy**\n## \nJóval a római világ letűnte után, a Kr. u. 567/568-ban Belső-Ázsiából érkező avarok uralma alatt egyesült a Kárpát-medence közel két és fél évszázadon át. Az egyébként igen harcias avarok tartós uralma megteremtette a békés belső fejlődés és gyarapodás lehetőségét, aminek eredményeképpen a Dunántúlon például sűrű, falusias településhálózat alakult ki. Talán egy tanyasias vagy kisebb falusias településen élhetett a 7. században az a nő is, akinek a sírja Bakonykúti-pusztán sértéshízlalda építésekor mindössze 50 cm-es mélységben látott napvilágot. Fülében ezüst nagygömbcsüngős fülbevalókat viselt, karját bronz karperec díszítette, és övéhez függesztve vaskést hordott.\n## \n**A középkori Kuti falu újrafelfedezése**\n## \nGróf Zichy Paulina 1884-es bakonykúti ásatásából az utókornak a Pesti Napló tudósításán kívül semmi sem maradt fenn. Még az ásatás pontos helyszíne is feledésbe merült, és azt újra fel kellett fedezni. Az újrafelfedezésben nagy része volt Mihályi Attila múzeumbarát fémkeresős önkéntesnek, aki Lencsés Zsuzsanna, a Kormányhivatal régészeti felügyelőjének javaslatára kutatta át a gyanított területet, és egy késő középkori csillár bronz gyertyafoglalatára bukkant. \n## \n![KÉP2](https://utfs.io/f/26L8Sk7UnuECufbHLszmDBpZYSAVG1czbfeQOu9yK3WLdFln)\n## \nA helyszínen egyúttal észrevették, hogy a dűlőút (akkor még egyúttal Kéktúra-útvonal) felszínét kőfalak keresztezik. Ezen fellelkesülve szerveztek a székesfehérvári Szent István Király Múzeum régészei a közösségi régészeti program önkénteseinek segítségével fémkeresős kutatást 2021-ben, amely a várakozásokat túlszárnyaló sikerrel végződött. Több tucatnyi középkori és római kori fémlelet, valamint marékszámra gyűjtött cseréptöredékek igazolták az egykor nyüzsgő életet e két korszakban a ma részben rétként, részben szántóföldként hasznosított fennsíkon. A fémkeresős kutatással párhuzamosan geofizikai (talajradaros és magnetométeres) felmérésre is sor került, aminek a kiértékelése szépen kirajzolta a középkori templom föld alatti falmaradványait. Sikerült tehát beazonosítani a forrásokban elsőként 1424-ben említett *Kwthy* falut, valamint az ismert középkori forrásokban nem is említett templomát.\n## \n22023-ban kezdődött a hitelesítő ásatás Reich Szabina régésznő szakmai vezetésével, és a helyben élő Szücsi Frigyes régész közösségi régészeti koordinálásával, a bontómunka dandárját ugyanis az önkéntesek végezték. \n## \n![KÉP3](https://utfs.io/f/26L8Sk7UnuECYBe5Hqn5diVuyFRbKC6l9PrQOtLBvmwhEopq)\n## \n\nFeltárták az ÉK–DNy tájolású templom ÉNy-i oldalának megmaradt alapozását, és fényt derítettek arra, hogy elkülöníthető két periódus a templom építéstörténetében. Az első, korai templom külső hossza 10,8 m, falszélessége 1,2 m volt. Téglalap alakú hajóval és egyenes szentélyzáródással rendelkezett. \n## \n![KÉP4](https://utfs.io/f/26L8Sk7UnuECSkosUXrBJwXMmcgpOnyY6qTPFChLG0Sl2ukN)\n## \nValószínűleg festett lehetett a belső fala, mert piros és rózsaszínű festésű vakolatdarabokra bukkantak. A második építési periódusban a templomhajót DNy-i irányban 5,4 méterrel kibővítették. Összesen nyolc melléklet nélküli temetkezés is napvilágot látott, többségében csecsemő-, illetve gyermekcsontvázak. \n## \n![KÉP5](https://utfs.io/f/26L8Sk7UnuEC23QYSOUnuECB16T3NaRGHbkgyItv9Smfci0q)\n## \nAz egyik bolygatott koponya alatt S végű karikát találtak, ami felveti a lehetőségét, hogy a templom, s körülötte a temető (cinterem) akár már a kora Árpád-korban – tehát jóval a falu első ismert, 1424-es említése előtt – használatban volt.  \n## \n**A „török vész” és az új kezdetek**\n## \nA török hódoltság alatt rengeteget szenvedett az Oszmán Birodalom – főként magyar lakosságú – határvidéke, nem véletlenül látja több, a korszakkal foglalkozó kutató Trianon gyökereit ebben az időszakban. A háborús periódusok, a kettős adóztatás és a portyázásokból, hatalmaskodásokból adódó bizonytalanság, kilátástalanság eredményeképpen a középkori eredetű magyar falvak és templomaik jelentős részét felhagyták, a lakosság elpusztult vagy elmenekült. Így történt ez sajnos Kuti faluval és templomával is. 1559-ben a Palota uradalmához tartozó falut már lakatlan pusztaként említették.\n## \nEgészen 1740-ig nincs arra nézve adat, hogy állandó lakosai lennének. Ettől függetlenül területét legelőnek, kaszálónak, erdeit sertések makkoltatására használhatták, ahogy erre 1716-ból már rendelkezünk forrással. A falu újraalapítására végül 1759-ben, az elpusztult középkori magyar falutól nyugatra, mintegy fél kilométeres távolságban, németajkú sváb telepesekkel került sor. Az új telepesek különböző környékbeli sváb falvakból, Sályról, Isztimérről, Bánhidáról, Fenyőfőről, Mórról, Palotáról, Pusztavámról, Szőnyből, Balinkáról, Tarjánból, Oszlopról és Csórról kerültek ide, de érkeztek távolabbról is (a bakonykúti történetét jegyző Degré Alajos szerint bizonyos Schrőd és Neuheysl nevű településekről).\n## \nAz első katonai felmérés térképszelvényén (6. kép) már látható a felmérés készítése előtt (1782-1785) több mint két évtizeddel újraalapított település a mai Szabadság utca két oldalán, valamint a 8212. sz. út mentén a mai Szabadság utcától nagyjából a mai Ady Endre utcáig. \n## \n![KÉP6](https://utfs.io/f/26L8Sk7UnuECnZ1llaypuwvx56J1US2AQWgyPYTDO7XGiend)\n## \nA település a 18. században még nem rendelkezett templommal, bár 1794-ben templomépítésbe kezdtek, az építmény azonban még az építkezés alatt összedőlt. 1810-re épült fel a római katolikus Nagyboldogasszony-templom, a lakosság ugyanis elenyésző töredék kivételével római katolikus volt. A második katonai felmérés (1819–1869) alapján a 19. században a falu a mai Ady Endre és Petőfi utcák irányába terjeszkedett.\n## \n![KÉP7](https://utfs.io/f/26L8Sk7UnuECpe74Ug60tYOVN4SgU2xuoem6swRjIQKAFZBL)\n## \n\n## \nA lakosság lélekszáma a 19. században érte el a mindenkori csúcsát. Magyarország történeti statisztikai helységnévtára szerint 1785-ben 397 fő, 1828-ban 588 fő, 1857-ben 571 fő, 1870-ben 557 fő, 1880-ban 526 fő, 1890-ben 527 fő, 1900-ban 396 fő lakta a falut, és a hozzátartozó Kútipusztát. A falutól északkeletre, Kútipusztával azonosítható építmények már az első katonai felmérés térképén (1782-85) láthatók, de a 19. század első felében kezdenek ide más gazdasági épületeket és cselédlakásokat építeni. 1910-ben 63-an éltek ott.\n## \n![KÉP8](https://utfs.io/f/26L8Sk7UnuECnNakkPypuwvx56J1US2AQWgyPYTDO7XGiend)\n## \n## A 20. század\n\nAz első világháború Bakonykúti lakóitól is sok áldozatot kívánt. A harctereken hősi halált halt 15 bakonykúti lakos neve a katolikus templom előtt 1937-ben felavatott emlékművön szerepel (Haraszti Márton várpalotai kőfaragó mester alkotása).\n## \nA második világháború borzalmai 1944. december 20-án értek Bakonykúti közelébe, amikor a Vörös Hadsereg Mór térségében a falu mintegy 15 km-es közelségébe került. A 6. gárda hadsereg harckocsidandárjai azonban csak március 19-én foglalták el Bakonykútit a német 6. SS-páncélos hadsereg erős ellenállása ellenére. Mivel a harcok viszonylag rövid ideig dúltak és a falu többször nem cserélt gazdát, ezért „csak” 5 ház vált lakhatatlanná, és további 5 ház, valamint a templom rongálódott meg. \n## \nA falu lakosságának megpróbáltatásai nem értek véget a második világégéssel. 1948 februárjától kitelepítették a német nemzetiségű lakosságának jelentős részét, 11 családot (31 főt) Németországba. Helyükre többek között felvidéki magyarokat telepítettek be a csehszlovák-magyar lakosságcsere következtében. \n## \n1948 áprilisiában történt, hogy Shvoy Lajos püspök nyilvános hitehagyás miatt kiközösítette Bakonykúti kommunista papját, Szittyay Dénest, ami miatt a kommunista propaganda országos sajtóbotrányt gerjesztett Shvoy Lajos püspök lejáratása céljából.\n## \n1949-ben önálló tanácsú községgé alakult Bakonykúti. Iskolája a második világháború után 8 osztályos általános iskolaként működött egészen 1964-ig, amikor az iskolák körzetesítésével a felső tagozatos tanulók Isztimérre kerültek. A tanulók létszámának csökkenése miatt végül 1970-ben zárták be az alsó tagozatot. \n## \n   Összeállította: dr. Szücsi Frigyes\n## Felhasznált irodalom\n- A Fejér megyei németek kitelepítésének története, különös tekintettel Mórra és környékére. A helyi identitás és kohézió erősítése Móron, TOP-5.3.1-16-FE1-2017-00008, Magyar Műemléki Topográfia Nonprofit Kft. https://www.topografia.hu/_user/browser/File/top531%20tanulmanyok/A%20Fejér%20megyei%20németek%20kitelepítésének%20története.pdf letöltés időpontja: 2025. 03. 17.\n\n- Degré Alajos: Bakonykúti. Fejér Megyei Történeti Évkönyv 13 (1979) 243–267.\n\n- Kállay István – Kovacsics József: Magyarország történeti statisztikai helységnévtára – 13. Fejér megye. Budapest 1998, 41.\n\n- Reich Szabina: Bakonykúti, Szentegyházi-dűlő (033/1–2 hrsz.) tervásatás. Alba Regia 51 (2023) 99–100.\n\n- Szij Rezső: Várpalota. Fejezetek a város történetéből, Budapest 1960. [195–196. oldal]\n\n- Szücsi Frigyes: Bakonykúti község, települési örökségvédelmi hatástanulmány, régészeti munkarész, Bakonykúti 2018.\n\n- Varga Mátyás: A Szittyay-eset. Egy rendhagyó kísérlet a katolikus egyház és az állam közti viszony rendezésére (1948). Székesfehérvár 2023.\n\n- Zichy Paulina. krudylib.hu, Krúdy Gyula Városi Könyvtár, Várpalota. http://www.krudylib.hu/wiki/zichy-paulina letöltés időpontja: 2024. 05. 04.\n\n-  I. világháborús emlékművek (Bakonykúti). https://mnl.gov.hu/mnl/fml/i_vilaghaborus_emlekmuvek_bakonykuti letöltés időpontja: 2025. 03. 17.\n\n\n    \n",
    "slug": "bakonykuti/tortenet",
    "last_modified": "2025-03-23T05:57:42.485Z"
  },
  {
    "id": 30,
    "title": "Szabályzatok",
    "content": "\n1. [Számviteli politika](http://bakonykuti.hu/szabalyzat/1_Szamviteli_politika_%202020_1_.01.pdf \"Klikk a megnyitáshoz\")\n\n2. [Számlarend](http://bakonykuti.hu/szabalyzat/2_Szamlarend_2020_11_.01.pdf \"Klikk a megnyitáshoz\")\n\n3. [Bizonylat](http://bakonykuti.hu/szabalyzat/3_Bizonylati_szabalyzat_2020_11_01.pdf \"Klikk a megnyitáshoz\")\n\n4. [Gazdálkodás](http://bakonykuti.hu/szabalyzat/4_Gazdalkodasi_2020_11_01.pdf \"Klikk a megnyitáshoz\")\n\n5. [Pénzkezelés](http://bakonykuti.hu/szabalyzat/5_Penzkezelesi_szabalyzat_2020_11_01.pdf \"Klikk a megnyitáshoz\")\n\n6. [Leltározás](http://bakonykuti.hu/szabalyzat/6_Leltarozasi_szabalyzat_2020_11_01.pdf \"Klikk a megnyitáshoz\")\n\n7. [Értékelés](http://bakonykuti.hu/szabalyzat/7_Ertekelesi_szabalyzat_2020_11_01.pdf \"Klikk a megyitáshoz\")\n\n8. [Selejtezés](http://bakonykuti.hu/szabalyzat/8_Selejtezesi_szabalyzat_2020_11_01.pdf \"Klikk a megnyitáshoz\")\n\n9. [Önköltség számítás](http://bakonykuti.hu/szabalyzat/9_Onkoltseg_szamitasi_szabalyzat_2020_11_01.pdf \"Klikk a megnyitáshoz\")\n\n10. [Telefon](http://bakonykuti.hu/szabalyzat/10_Telefon_szabalyzat_2021_01_01.pdf \"Klikk a megnyitáshoz\")\n\n11. [Közérdekû adatok](http://bakonykuti.hu/szabalyzat/11_Kozerdeku_adatok_szabalyzat.pdf \"Klikk a megnyitáshoz\")\n\n12. [Reprezentáció](http://bakonykuti.hu/szabalyzat/12_Reprezentacios_szabalyzat_2021_01_01.pdf \"Klikk a megnyitáshoz\")\n\n13. [Kiküldetés](http://bakonykuti.hu/szabalyzat/13_Kikuldetesi_szabalyzat_2021_01_01.pdf \"Klikk a megnyitáshoz\")\n\n14. [Belsõ kontroll](http://bakonykuti.hu/szabalyzat/14_Belso_kontroll_2021_04_01.pdf \"Klikk a megnyitáshoz\")\n\n15. [Beszerzés](http://bakonykuti.hu/szabalyzat/15_Beszerzesi_2020_11_01.pdf \"Klikk a megnyitáshoz\")\n\n[Adatkezelési tájékoztató KÖH](http://bakonykuti.hu/szabalyzat/Adatkezelesi_tajekoztato_KOH.pdf \"Klikk a megnyitáshoz\")\n\n[Adatvédelmi szabályzat](http://bakonykuti.hu/szabalyzat/Adatvedelmi_szabalyzat_2020_08_01.pdf \"Klikk a megnyitáshoz\")\n\n[Közzétételi lista](http://bakonykuti.hu/szabalyzat/KozzetetelLst.pdf \"Klikk a megnyitáshoz\")\n\t\t",
    "slug": "onkormanyzat/szabalyzatok",
    "last_modified": "2024-12-09T20:28:25.921Z"
  },
  {
    "id": 39,
    "title": "Iszkaszentgyörgyi Szociális Intézményi Társulás",
    "content": "## Iszkaszentgyörgyi Szociális Intézményi Társulás (ISZIT)\n\n\nInformáció: https://iszkaszentgyorgy.hu/intezmenyek/iszkaszentgyorgyi-szocialis-intezmenyi-tarsulas-iszit/",
    "slug": "intezmenyek/iszkaszentgyorgyi-szocialis-intezmenyi-tarsulas",
    "last_modified": "2024-12-29T12:49:43.462Z"
  },
  {
    "id": 33,
    "title": "Helyi Esélyegyenlőségi Program",
    "content": "\nAz Egyenlő Bánásmód Hatóság feladata a diszkriminációval okozott jogsértések kivizsgálása és megszüntetése.\n\n\n## \n\nBakonykúti Helyi Esélyegyenlőségi Programja megtekinthető [ITT](http://www.bakonykuti.hu/HEP/BK_HEP.pdf)\n\n\n\t\t",
    "slug": "onkormanyzat/helyi-eselyegyenlosegi-program",
    "last_modified": "2024-12-30T12:37:48.908Z"
  },
  {
    "id": 36,
    "title": "Pályazatok",
    "content": "## Magyar Falu Program\n \n ![Magyar Falu Program](https://utfs.io/f/26L8Sk7UnuECxbds1Im6US9lW2db5o0YcJV4Xyum8ekwHTvx)\n\n## \nBakonykúti Község Önkormányzata a Magyar Falu Program keretében 2022-ben meghirdetett „**Közösségszervezéshez kapcsolódó eszközbeszerzés és közösségszervezõ bértámogatása – 2022**” címû, **MFP-KEB/2022** kódszámú pályázati kiírásra benyújtott pályázatára **1.762.800** Ft. vissza nem térítendő támogatásban részesült.\n ## \nBakonykúti Község Önkormányzata a Magyar Falu Program keretében „**Közösség szervezéshez kapcsolódó eszközbeszerzés és közösségszervező bértámogatása**” **MFP-KEB/2021** pályázati kiírásra benyújtott pályázatára **1.517.670** Ft. vissza nem térítendő támogatásban részesült.\n##  \nBakonykúti Község Önkormányzata a Magyar Falu Program keretében meghirdetett, „**Orvosi rendelők fejlesztése-2020**” címû pályázati kiírásra benyújtott pályázatára **29.761.013** Ft. vissza nem térítendő támogatásban részesült. \n \n## \nBakonykúti Község Önkormányzata a Magyar Falu Program keretében meghirdetett „Nemzeti és helyi identitástudat erősítése” pályázati kiírásra benyújtott pályázatára 1.398.150 Ft. vissza nem térítendő támogatásban részesült.\n\n \n## \nBakonykúti Község Önkormányzata a Magyar Falu Program keretében meghirdetett „**Orvosi eszköz beszerzése**” pályázati kiírásra benyújtott pályázatára **2.967.878** Ft. vissza nem térítendő támogatásban részesült.\n\n \n## \nBakonykúti Község Önkormányzata a Magyar Falu Program keretében meghirdetett „**Temetõ fejlesztése**” pályázati kiírásra benyújtott pályázatára **4.908.993** Ft. vissza nem térítendő támogatásban részesült.\n\n \n## \nBakonykúti Község Önkormányzata a Magyar Falu Program keretében meghirdetett,\n\"**Közösségi tér ki- /átalakítás és foglalkoztatás - 202**0\"  címû pályázati kiírásra benyújtott\npályázatára **1.484.730** Ft. támogatásban részesült.\n\n \n\n## \nBakonykúti Község Önkormányzata által a\n „**TELEPÜLÉSI KÖNYVTÁRAK SZAKMAI ESZKÖZFEJLESZTÉSÉRE, KORSZERÛSÍTÉSÉRE**” benyújtott pályázatára a **KÖZGYÛJTEMÉNYEK KOLLÉGIUMA 022/204/19** számú döntése végrehajtásaként az Emberi Erõforrás Támogatáskezelõ a Nemzeti Kulturális Alap terhére **2.158.784** Ft. vissza nem térítendõ támogatást folyósít.\nA támogatás utalásának várható idõpontja: 2019. 12. 19.\n \n##  \n\n## **Tájékoztató a KÖFOP-1.2.1-VEKOP-16 Csatlakoztatási konstrukció az önkormányzati ASP rendszer országos kiterjesztéséhez címû pályázatról**\n\n \n\nA kedvezményezett neve: Iszkaszentgyörgy Község Önkormányzata\n\nA támogatás összege: **5.988.840** Ft, támogatási intenzitás: 100%\n\nA projekt azonosító száma: KÖFOP-1.2.1-VEKOP-16-2017-01004\n\nTámogatói okirat kelte: 2017. május 3.\n\nA projekt megvalósításának befejezése: 2018. június 30.\n\n \n\nIszkaszentgyörgy Község Önkormányzata 2017. februárban nyújtotta be pályázatát a KÖFOP-1.2.1-VEKOP-16 Csatlakoztatási konstrukció az önkormányzati ASP rendszer országos kiterjesztéséhez címû felhívásra.\n\nA támogatási döntés alapján az önkormányzat **6 millió** Ft vissza nem térítendő támogatásban részesült Magyarország Kormánya és az Európai Unió által. A projekt célja az egységesített önkormányzati elektronikus ügyviteli megoldások bevezetése \nországos szinten, az egyes települési önkormányzatok az Önkormányzati ASP központhoz történő csatlakozásának megvalósításával. A támogatás segítségével beszerzésre kerül 6 db, az ASP rendszer követelményeinek megfelelő hardverrel és szoftverekkel rendelkező számítógép, 1 db laptop, 7 db monitor és 7 db kártyaolvasó; utóbbi eszköz lehetővé teszi az elektronikus személyi igazolvánnyal történő belépést az ügyintézéshez az ügyfelek részéről is. Az eszközök beszerzésén túl megvalósul az elektronikus ügyintézés feltételeinek kialakítása és ehhez kapcsolódóan az önkormányzati rendeletek felülvizsgálata, a szabályzatok aktualizálása, továbbá a szakrendszerek adatainak az ASP központi rendszerbe történõ migrációja. A projekt biztosítja az Iszkaszentgyörgyi Közös Önkormányzati Hivatal dolgozóinak a \nMagyar Államkincstár Fejér Megyei Igazgatósága által szervezett oktatásokon való részvétel útiköltségét, a kötelezõ nyilvánosság biztosításának költségeit, valamint a projektmenedzsment díját. \n\n##  \n\nSzékesfehérvár sikeresen pályázott \"**Az alapellátás és népegészségügy rendszerének átfogó fejlesztése - népegészségügy helyi kapacitás fejlesztése**\"címû pályázatra.\n\nA pályázat célja a székesfehérvári járásban a Lelki Egészség Központtal kibővített Egészségfejlesztési Iroda kialakítása.\n2018. szeptember elsejétõl az Egészségfejlesztési Iroda megkezdi működését.\n\nÁtfogó céljuk a járásban élők egészségi állapotának javításával a születéskor várható élettartam és az egészségben eltöltött életévek számának növelése, továbbá a lakosság egészségtudatosságának, egészségkultúrájának fejlesztése prevenciós közösségi programok és egyéni tanácsadások megvalósításával.\n\n \n## \nEgészségfejlesztési Iroda központi email címe:\n \nefi@efi.szekesfehervar.hu\n \n\nEgészségfejlesztési Iroda vezetõ email címe: \n\nhujber.anita@efi.szekesfehervar.hu\n\n \n\nHumán Szolgáltató Intézet központi email címe:\n\ntitkarsag@humanszolg.hu\n\n \n## \n## Tájékoztató Levél a járás településeinek:\nhttp://www.bakonykuti.hu/Hirek/Egeszsegfejlesztesi_Iroda.pdf\n\n## \n\n2018.08.28\n\nMarics József\n\npolgármester\n\n\t",
    "slug": "onkormanyzat/palyazatok",
    "last_modified": "2024-12-31T08:46:40.944Z"
  },
  {
    "id": 56,
    "title": "Kéményellenőrzés és -tisztítás",
    "content": "\n## Tájékoztató Kéményseprésről\n\n \n\n2023.01.20-tól Fejér vármegye területén – az ország jelentős részével azonos módon – a BM OKF Gazdasági Ellátó Központ (a továbbiakban: GEK) látja el a kéményellenőrzési és –tisztítási tevékenységet a lakosság körében.\n\n \n## \nTájékoztató megnyitása: http://www.bakonykuti.hu/Hirek/Kemenysepres_2024.pdf\n\n",
    "slug": "kozerdeku/kemenyellenorzes-es-tisztitas",
    "last_modified": "2024-12-29T11:31:36.968Z"
  },
  {
    "id": 57,
    "title": "Ügyfélfogadás",
    "content": "\nWIP\n\n\t\t",
    "slug": "onkormanyzat/ugyfelfogadas",
    "last_modified": "2024-12-09T20:49:41.590Z"
  },
  {
    "id": 49,
    "title": "Vedőnő",
    "content": "\n\n## Védőnői Tanácsadás\n\n**Gál Diána védőnő**\n\nTel.: 06-30/633-8716\n## \nKedd Iszkaszentgyörgyön:\n- Csecsemő tanácsadás: 09:00 – 11:00\n- Várandós tanácsadás: 13:00 – 15:00\n\nCsütörtök (páratlan héten)\n- Bakonykútiban: 09:30 – 10:30\n",
    "slug": "egeszsegugy/vedonoi-ellatas",
    "last_modified": "2025-02-24T10:20:27.447Z"
  },
  {
    "id": 5,
    "title": "Bemutatás",
    "content": "Bakonykúti község Fejér vármegye legkisebb önálló települése, a Kelet-Bakony hegység lábánál, a Burok-völgyi természetvédelmi terület mentén, csodálatos természeti környezetben fekvő zsákfalu. Környékén 300 méter feletti magaslatok is találhatók, melyekről a település felé eső lejtők meredekek. Közúton az Isztimér községhez tartozó Guttamásin keresztül Iszkaszentgyörgy, Kincsesbánya és Fehérvárcsurgó felől közelíthető meg, a megyeszékhely Székesfehérvár 18 km-re található.\n## \nBakonykúti lakossága a múlt században a mindenkori társadalmi és gazdasági változások tükörképeként folyamatosan csökkent, 2000-ben már csak 104 lakos élt a faluban. Örvendetes, hogy az ezredfordulót követően megfordult ez a folyamat, és azóta a lakosság növekedése figyelhető meg. Kezdetben elsősorban a hétvégi házak szaporodtak, és egyre inkább pihenőfaluvá vált a település, de ma már egyre többen választják otthonuknak Bakonykútit, így az ingatlanok többségében állandó lakosok élnek. Ezt jelzi az igényesen felújított régi parasztházak és az új építésű lakóházak számának növekedése. Napjainkban már 170 állandó lakosa van településünknek, de a korábbi német nemzetiségi lakosságnak csak töredéke maradt, lakóink döntő többségét az elmúlt években a városokból, elsősorban Székesfehérvárról kiköltöző családok alkotják.\n## \nA falu önállósága 1970-ben megszűnt, ettől kezdődően az Isztiméri Tanács fennhatósága alá került Bakonykúti, ezzel együtt az általános iskolája is bezárt. Az önállóságát a rendszerváltást követő első szabad önkormányzati választások során 1990-ben nyerte vissza. Bakonykúti Önkormányzata kezdetben Isztimér Önkormányzatával hozott létre Körjegyzőséget, majd 2008-tól Iszkaszentgyörgy Önkormányzatával Körjegyzőséget, végül közös önkormányzati hivatalt, amelyhez 2025. január 1-től Csór Önkormányzata is csatlakozott, így már ez a három település alkotja jelenleg az Iszkaszentgyörgyi Közös Önkormányzati Hivatalt.\n## \nA község belterülete 39 hektár, amelyen jelentős zöldterületek is találhatók. A település összes belterületi útja szilárd burkolatú. A közművek a szennyvízcsatornázás kivételével kiépítettek. A kiváló minőségű vezetékes ivóvizet saját 120 méter mély kút és vízműhálózat biztosítja.\n## \nA település mellett található a Magyar Honvédség Csapatgyakorlótere, amely Közép-Európa legnagyobb egybefüggő katonai területe. Mindez okoz néhány zajosabb napot a környéken, ugyanakkor a terület viszonylagos zártsága miatt csökkent az értékes élőhelyek pusztulása, ezért számos védett állat és növény talált itt menedéket. A Magyar Honvédség havonta értesítést küld az önkormányzat részére a következő hónap katonai kiképzési tevékenységeiről, így a lakosság és a turisták a honlapunkon egyaránt tájékozódni tudnak a várható zajhatásokról és korlátozásokról.\n## \nAz alacsony lakosságszám miatt Bakonykútiban élelmiszerbolt nem működik. A lakosság ellátását kenyérrel és pékáruval heti három alkalommal mozgóbolt biztosítja. Főként a túrázók kiszolgálását biztosítja egy a falu szélén, a kéktúra útvonalán található időszakosan nyitvatartó kerthelyiség, ahol a túrázó megpihenhet, ételt és italt vásárolhat. Bakonykútit nemcsak az Országos Kéktúra útvonalán áthaladó bakancsos turisták keresik fel, hanem sokan több napot is szívesen töltenek el ebben a hangulatos környezetben, ezért ma már több falusi vendégház is várja szolgáltatásaival a látogatókat a településen.\n\n    ",
    "slug": "bakonykuti/bemutatas",
    "last_modified": "2025-01-20T08:24:28.308Z"
  },
  {
    "id": 37,
    "title": "Választás",
    "content": "## Önkormányzati és EP Választások 2024\n\n### Választási eredmények\n\n- **Polgármester választás eredménye** [(PDF)](url)\n- **Képviselő választás eredménye** [(PDF)](url)\n\n---\n\n### Jóváhagyott Szavazólapok\n\n- **Polgármester választás szavazólap** [(PDF)](url)\n- **Képviselő szavazólap** [(PDF)](url)\n\n---\n\n### Önkormányzati Választások 2024 Nyilvántartásbavétel és Sorsolás\n\n#### **Sorsolás**\n\n- **Polgármester sorsolás** [(PDF)](url)\n- **Képviselő sorsolás** [(PDF)](url)\n\n#### **Nyilvántartásbavétel**\n\n- **Szalmási Korinna** [(PDF)](url)\n- **Marics József** [(PDF)](url)\n- **Krizsán Attila** [(PDF)](url)\n- **Mészáros Imola Katalin** [(PDF)](url)\n- **Talabérné Fodor Éva** [(PDF)](url)\n- **Kasztiné Körmöczi Nóra** [(PDF)](url)\n- **Pató Ágnes** [(PDF)](url)\n- **Volkensdorfer Istvánné** [(PDF)](url)\n- **Márkus Erika** [(PDF)](url)\n- **Kurjancsek László** [(PDF)](url)\n- **Horel Ágota** [(PDF)](url)\n\n---\n\n### Tájékoztató választópolgároknak\n\n- **Az Iszkaszentgyörgyi Helyi Választási Iroda Vezetőjének 2/2024. (IV.04.) számú közleménye**\n\n#### **Helyi Választási Iroda vezetőjének határozata a képviselők számáról**\n\n- **2/2023. (10.24.) HVI Vezetői Határozat**",
    "slug": "onkormanyzat/valasztas",
    "last_modified": "2024-12-21T12:04:15.909Z"
  },
  {
    "id": 52,
    "title": "Honvédség",
    "content": "## Bakonykúti Kiképző Bázis \n\n\n![alt WIP](https://utfs.io/f/26L8Sk7UnuECwcWT6w9heWP5jZyfGnp24M8Jrbm0t9vNAFka)\n## \nLegfrissebb lőtéri értesítő: http://www.bakonykuti.hu/loter/Loter202502.pdf\n\t\t",
    "slug": "kozerdeku/magyar-honvedseg-boszormenyi-geza-csapatgyakorloter-parancsnoksag",
    "last_modified": "2025-01-23T10:35:41.053Z"
  },
  {
    "id": 42,
    "title": "Iszkaszentgyörgyi Vackor Óvoda – Mini Bölcsőde és Konyha",
    "content": "## Iszkaszentgyörgyi Vackor Óvoda – Mini Bölcsőde és Konyha\n\nCím: 8043 Iszkaszentgyörgy, Mándi Márton István tér 2\n\n## \n**Intézményvezető:** Polyák-Ruff Mónika\n\nTelefon: (22)612-472\n\nGazdasági iroda: (22)612-479\n## \nEmail:  \niszka.vackorovi@gmail.com \n\niszka.ovoda@gmail.com\n## \n\nTovábbi információ: https://iszkaovi.hu/\n\n\t\t",
    "slug": "intezmenyek/iszkaszentgyorgyi-vackor-ovoda-es-konyha",
    "last_modified": "2024-12-29T12:46:16.739Z"
  },
  {
    "id": 43,
    "title": "Bakonykúti Közösségi Ház és Könyvtár",
    "content": "## Bakonykúti Közösségi Ház és Könyvtár\n## Nyitvatartási idő\n\n\n\nCsütörtök  \t\t13:00 – 17:00\n\nPéntek \t\t08:00 – 12:00\n\nilletve előzetes időpont-egyeztetéssel: +36/30-129-3691 (Mészáros Imola), valamint a programok ideje alatt.\n\n\t\t",
    "slug": "intezmenyek/kozossegi-haz-es-konyvtar",
    "last_modified": "2025-01-23T16:38:26.684Z"
  },
  {
    "id": 41,
    "title": "Iszkaszentgyörgyi Általános Iskola",
    "content": "## Iszkaszentgyörgyi Általános Iskola\n\n8043 Iszkaszentgyörgy, Kastély u. 8.  \nTel.: +36 22 596 191  \nEmail: titkar@iszkaiskola.hu\n\nNyitvatartási idő:\n07:00 – 18:00\n## \nWeboldal: https://iszkaiskola.hu/\n",
    "slug": "intezmenyek/iszkaszentgyorgyi-altalanos-iskola",
    "last_modified": "2024-12-29T12:56:59.313Z"
  },
  {
    "id": 55,
    "title": "Telekom",
    "content": "\n## Telekom \n\nhttps://www.telekom.hu/lakossagi/ugyintezes/ \n\n\t\t",
    "slug": "kozerdeku/telekom",
    "last_modified": "2024-12-29T11:25:26.539Z"
  },
  {
    "id": 47,
    "title": "Fogászat",
    "content": "## Fogorvosi rendelés:\n\nFogorvos: Dr. Óvári Péter\n\nFogorvosi asszisztens: Balogh Enikõ\n\n\n\n## \nFogászati bejelentkezés telefonszáma:\n\n+36 30 496 3989\n\n|    Rendelő    |  Rendelési Napok |Rendelési idő | \n| ------------------- | ------------- |------------- |\n| Iszkaszentgyörgy       | Hétfõ (Magánrendelés) |13-19 (19-20) |\n|Kincsesbánya        | Kedd (Magánrendelés) | 8-14 (14-15) |\n| Kincsesbánya       | Szerda (Magánrendelés)     |13-19 (19-20) |\n|Iszkaszentgyörgy           | Csütörtök (Magánrendelés)| 8-14 (14-15) |\n|Iszkaszentgyörgy           | Csütörtök rendelési időn belül gyermek- és iskolafogászat| 8-10 |\n| Kincsesbánya| Péntek (Magánrendelés)     |8-14 (14-15) |\n|Kincsesbánya           | Péntek rendelési időn belül gyermek- és iskolafogászat| 8-10 |",
    "slug": "egeszsegugy/fogaszati-rendeles",
    "last_modified": "2024-12-29T13:20:43.102Z"
  },
  {
    "id": 50,
    "title": "Vérvétel",
    "content": "\n## Vérvétel \n\nIszkaszentgyörgy Orvosi rendelőben csütörtökönként egyeztetett időpontfoglalás után. \nIdőpontot foglalni a Dr. Rumann Hildegard házi orvosnál lehet kérni az iszkarendelo@gmail.com email címen vagy rendelési időben telefonon. \n\nElőzetes bejelentkezés szükséges\n\n\t\t",
    "slug": "egeszsegugy/vervetel",
    "last_modified": "2025-01-23T16:54:13.168Z"
  },
  {
    "id": 46,
    "title": "Háziorvos és orvosi ügyelet",
    "content": "\n## Háziorvosi ellátás \n\n  \n\nHáziorvos:          Dr. Rumann Hildegard\n\n  \n\nHelyettes háziorvos hétfőnként: Dr. Nap Ágnes\n\n  \n\nAsszisztens:       Somogyiné Fodor Melinda\n\n  \n## \n**Orvosi rendelő**\n\n  \n\n8043 Iszkaszentgyörgy, Kossuth tér 1.- Egészségház,Tel.: (22) 440-105\n\n  \n\n8046 Bakonykúti, Szabadság u. 41. Tel.: (22) 595-000\n\n| Rendelési idő  | Iszkaszentgyörgyön | Bakonykútiban |\n| -------------- | ------------------ | ------------- |\n| Hétfő          | 13.00-14.30        | -             |\n| Kedd           | 09.00-13.00        | -             |\n| Szerda         | 8.00-11.30         | 12.15-14.30   |\n| Csütörtök      | 14.00-18.00        | -             |\n| Péntek         | 11.00-13.00        | -             |\n\n\nDr. Rumann Hildegard háziorvos elérhetősége sürgős esetekben munkanapokon 8.00-16.00 óráig: 20-471-7179 telefonszámon.\n\n  \n\nA rendelésre előzetes bejelentkezés szükséges telefonon vagy e-mail-ben.\n\n  \n\nElérhetőségek: 440-105 illetve 06-20-471-7179\n\n  \n\nE-mail: iszkarendelo@gmail.com\n\n  \n\nMunkanapokon 16 óra után, valamint hétvégén és ünnepnapokon Székesfehérváron a Városkörnyéki Ügyeleten vehető igénybe az orvosi ellátás.\n\n  \n\n## Központi Orvosi Ügyelet:\n\n2024. február 1. napjától az ügyeleti feladat ellátásáról az Országos Mentőszolgálat gondoskodik az alábbiak szerint:\n\n**Felnőtt ügyelet:**\n\nFejér Vármegyei Szent György Egyetemi Oktató Kórház Sürgősségi Osztálya (Székesfehérvár, Hunyadi u. 2. SBO\nbelépési pont) 2067-es számú rendelő\n\n**Telefon: 1830**\n##  \nRendelési idő:\n\nHétköznap 16:00-22:00 óra között, illetve hétvégén és ünnepnapokon 08:00-14:00 óra között\n## \n**Gyermekorvosi ügyelet:**\n\n**Telefon: 1830**\n\nFejér Vármegyei Szent György Egyetemi Oktató Kórház Gyermekambulancia mellett (Seregélyesi út) gyermek\nügyeleti rendelők\n\n**Telefon: 1830**\n\nHétköznap 16:00-22:00 óráig, hétvégén és ünnepnapokon 08:00-20:00 óráig.\n## \n**Sürgősségi ügyelet vagy mentőellátás:**\n\nHétköznap 22:00-08:00 óráig, hétvégén és ünnepnapokon 14:00-08:00 óráig\n\nSzékesfehérvár, Hunyadi u. 2. (SBO belépési pont)  \n",
    "slug": "egeszsegugy/haziorvosi-ellatas",
    "last_modified": "2025-01-30T15:44:07.835Z"
  },
  {
    "id": 53,
    "title": "DRV",
    "content": "\n## A DRV Zrt. ügyfélszolgálatának elérhetőségei:\n\n## Telefonos elérhetőség\n**Hibabejelentés**:\t\n\n+36 80 240 240, 1-es menüpont\t0:00–24:00\n\nIngyenesen hívható telefonszám:\n\n+36 80 240 240\n\n## \nMunkanapokon\n\n7:30-tól 15:30-ig,\ncsütörtökön 20.00-ig\n\nFaxszám:\n\n+36 84 501 299\n\n \n\nKülföldről hívható telefonszám:\n\n+36 84 999 240\n\nMinden nap\n0:00–24:00\n\n\nElektronikus levélcím:\n\nugyfelszolgalat@drv.hu\n\n \n## \n**További információ:**\n\nhttps://www.drv.hu/elerhetosegeink\n## \n## Szennyvíz szippantásának megrendelése \n## \n2025 szeptember 30-ig hívható: \n+36/30/385-0684",
    "slug": "kozerdeku/drv",
    "last_modified": "2025-01-23T16:46:18.487Z"
  },
  {
    "id": 54,
    "title": "E-On",
    "content": "\n## Közvilágítási hibabejelentő telefonszám\n\n## **E-On**\n\n06-80-533-533\n\nÉszak-dunántúli régió\n\n## Mit tegyek, ha közvilágítási hibát észlelek?\n\nAz élet- és vagyonvédelmet veszélyeztető hibákat  telefonon jelentse be. Jellemző élet és vagyonvédelmet veszélyeztető közvilágítási hibák: ki- és megdőlt lámpaoszlop; hiányzó kandeláber ajtó; megrongált/lógó lámpabúra.\n\n\nKözvilágítási hibát telefonon vagy online ügyfélszolgálaton jelenthet be. A pontos hibafeltárás miatt lépjen be online ügyfélszolgálatra, és válasza ki a hiba típusát.\n\n## Milyen információkat szükséges megadnia a sikeres hibaelhárításhoz?\nPontosan hány lámpát érint a meghibásodás?\nAmennyiben több lámpa hibásodott meg, hogyan helyezkednek el egymáshoz képest? Például egymás mellett 2 db lámpa, vagy minden második lámpa?\nMilyen utcaszakaszon áll fenn a probléma? Például több lámpa  meghibásodása estén Település név, Utca név házszám tól-ig\nKossuth utca 78-tól 102-ig\nMikor észlelte a hibát?\nElérhetőségei, melyen kollégáink kereshetik esetleges hibapontosítás céljából: név, telefonszámot, emailcím\n\n## További információ: \nhttps://www.eon.hu/hu/lakossagi/elerhetosegek/bejelentesek/hibabejelentes/hibabejelentes-aram/kozvilagitasi-hiba.html",
    "slug": "kozerdeku/e-on",
    "last_modified": "2024-12-29T11:22:57.078Z"
  },
  {
    "id": 61,
    "title": "Akadálymentesitési Nyilatkozat",
    "content": "## **AKADÁLYMENTESÍTÉSI NYILATKOZAT**\n## \nA Bakonykúti Önkormányzat elkötelezett amellett, hogy honlapját a közszférabeli szervezetek honlapjainak és mobilalkalmazásainak akadálymentesítéséről szóló 2018. évi LXXV. törvény szerint akadálymentessé tegye.\n## \nEzen akadálymentesítési nyilatkozat a https://www.bakonykuti.hu -ra vonatkozik.\n## \n## MEGFELELŐSÉGI STÁTUSZ\n\nEz a honlap teljes mértékben megfelel a közszférabeli szervezetek honlapjainak és mobilalkalmazásainak akadálymentesítéséről szóló 2018. évi LXXV. törvénynek.\n## \n## AZ AKADÁLYMENTESÍTÉSI NYILATKOZAT ELKÉSZÍTÉSE\n\nE nyilatkozat 2025.02.27-én a Bakonykúti Önkormányzat által végzett önértékelés alapján készült.\n\n## VISSZAJELZÉS ÉS ELÉRHETŐSÉGEK\nA honlap esetleges megfelelőségi hiányosságait a polgarmester@bakonykuti.hu, illetve a polgármesteri Hivatal, Szabadság Utca 41. 8046 címen jelezheti.\nAz akadálymentesítésért és a kérések feldolgozásért felelős szervezeti egység a Bakonykúti Önkormányzat.\n##  \nJelen akadálymentesítési nyilatkozatot jóváhagyta:\n\nMarics József\n\npolgármester\n## ",
    "slug": "onkormanyzat/akadalymentesitesi-nyilatkozat",
    "last_modified": "2025-02-28T15:27:34.470Z"
  },
  {
    "id": 40,
    "title": "Iszkaszentgyörgyi Szociális Alapszolgáltatási Intézmény",
    "content": "## Tájékoztató az Iszkaszentgyörgyi Szociális Alapszolgáltatási Intézmény szolgáltatásairól \n \nAz Iszkaszentgyörgyi Szociális Alapszolgáltatási Intézmény, amely Iszkaszentgyörgyön, a Rákóczi u. 48. szám alatt található, a Bakonykúti településen élő lakosság számára az alábbi szociális és gyermekjóléti alapellátásokat biztosítja:\n\n1. Szociális étkeztetés, \n1. Házi segítségnyújtás, \n1. Idősek  nappali ellátása helyileg Iszkaszentgyörgy településen\n1. Család- és gyermekjóléti szolgálat \n\n## ÉTKEZTETÉS:\n\nKi igényelheti az étkeztetést?\n## \nAz étkeztetés keretében azoknak a legalább napi egyszeri meleg étkezéséről tudunk gondoskodni, akik azt önmaguk, illetve eltartottjaik részére tartósan vagy átmeneti jelleggel nem képesek biztosítani, különösen\nkoruk,\n- egészségi állapotuk,\n- fogyatékosságuk, pszichiátriai betegségük,\n- szenvedélybetegségük, vagy\n- hajléktalanságuk miatt.\n## \nAz ételt az Iszkaszentgyörgyi Vackor Óvoda konyhájáról szállítjuk a településre. \n\nAz étel kiszállítás munkanapokon 11:30-tól -13:30 óráig történik.\n\nAz étkeztetés - jövedelemtől függően- térítési díjhoz kötött. A jelenleg érvényes térítési díj: 1325,- Ft/adag házhozszállítással.\n\n## HÁZI SEGÍTSÉGNYÚJTÁS:\nA házi segítségnyújtás alapvető gondozási és ápolás körébe tartozó feladatokat lát el.\n\nOlyan gondozási forma, amely az igénybe vevő önálló életvitelének fenntartását – szükségleteinek megfelelően – otthonában, lakókörnyezetében biztosítja.\n## \n**Miben tudunk segítséget nyújtani?**\n\n- A személyi és lakókörnyezeti higiéné megtartásában (fürdetés, mosdatás, hajmosás, körömápolás, ruházat mosása, vasalása, takarítás, mosogatás, porszívózás, a vizes helyiségek rendbetétele, a napi életvitelhez tartozó rend fenntartása)\n- Közreműködés a háztartási feladatok ellátásában (bevásárlás, főzés előkészítése, hivatalos ügyek intézése, csekkek feladása, növényápolás segítése)\n- A háziorvos által előírt gondozási, alapápolási feladatok ellátásában (gyógyszer felíratás, kiváltás, adagolás, ellenőrzés, a segédeszközök felíratása, kiváltása, használatuk elsajátításának segítése, pelenkázás, öltöztetés, az étkezés segítése, diéta betartatása, vérnyomás- és vércukorszint-mérés, folyamatos kapcsolattartás a háziorvossal, szükség esetén a szakorvosi ellátásokra beutaló kérése, séta szervezése az erőnléti állapot fenntartása céljából)\n- A házi segítségnyújtás igénybevétele önkéntes, viszont térítési díjhoz kötött, jövedelemtől függően: 90-270,- Ft/óra.\n\n## IDŐSEK NAPPALI ELLÁTÁSA:\n\nA nappali ellátás célja pótolni a hiányzó családi gondoskodást, fizikai, mentális és pszicho- szociális segítséget nyújtani az otthonukban élő, önmaguk ellátására részben képes 18. életévüket betöltött személyek számára.\n\n## \n**Mit biztosítunk az ellátás keretében?**\n\n- napközbeni tartózkodást,\n- társas kapcsolatok kialakítását,\n- az alapvető higiéniai szükségletek kielégítését,\n- szabadidős programokat (társasjátékok, zenehallgatás, filmvetítés, zenés-táncos délutánok, kirándulás, felolvasás, torna),\n- napi 3x-i étkezést,\n- egészségügyi alapellátáshoz vagy szakellátáshoz való hozzájutás segítése (gyógyszerek felíratása, kiváltása; időpont kérése; szükség esetén egészségügyi intézménybe szállítás, kísérés),\n- hivatalos ügyek intézése (kérelmek, nyomtatványok kitöltése, postai ügyek intézése),\n- életvitelre vonatkozó tanácsadás, életvezetés segítése,\n- szükség esetén más szociális alapellátáshoz való hozzájutás segítése (pl. házi segítségnyújtás),\n- egészségnevelés, mentális gondozás,\n- felvilágosító, egészségügyi előadások szervezése,\n- tisztálkodási, mosási, vasalási, varrási lehetőség,\n- televízió, rádió, CD lejátszó használat. Újság (heti- és napilapok), könyvek, társasjátékok biztosítás,\n- rendszeres vérnyomás és testsúlymérés. \n- rendezvények, ünnepek szervezése, munkavégzés lehetőségének szervezése,\n- speciális önszerveződő csoportok támogatása, működésének, szervezésének segítése.\n\nAz idősek nappali ellátása helyileg az Iszkaszentgyörgy, Rákóczi u. 48. szám alatti intézményünkben található. Az igénybevétel ingyenes, a szállításban igény szerint segítséget tudunk nyújtani.\n\n## \n## Család- és Gyermekjóléti Szolgálat:\nA családsegítés és a gyermekjóléti szolgáltatás 2016. január 1-jétől  összevonásra került, egy szervezeti és szakmai egységben működik, ezért feladataink egy részét a gyermekjóléti szolgáltatás (Gyvt. 40.§.), másik részét a családsegítés (Szt. 64.§.) szolgáltatásainak ellátása jelenti.\n## \n- A **gyermekjóléti szolgáltatás** a szociális munka eszközeinek és módszereinek alkalmazásával szolgálja a gyermek testi, lelki egészségének megőrzését, elősegíti a gyermek családban történő nevelkedését, veszélyeztetettségének megelőzését, a kialakult veszélyhelyzet megszüntetését. A szociális munka módszereivel és eszközeivel, humán szolgáltatások biztosításával elkerülhetővé válik a hatósági beavatkozás.\n- **Családsegítés**körében a szociális vagy mentálhigiénés problémák, illetve egyéb krízishelyzetek miatt segítségre szoruló személyek, családok, tartós munkanélküliek, fiatal munkanélküliek, adósságterhekkel, lakhatási problémákkal küzdők, fogyatékossággal élők, krónikus betegek, szenvedélybetegek, pszichiátriai betegek számára, illetve az ilyen helyzethez vezető okok megelőzése, a krízishelyzet megszüntetése, valamint az életvezetési képesség megőrzése céljából nyújt szolgáltatást.\n ## \n**A Család-és gyermekjóléti Szolgálat feladatai:**\n## \n- tájékoztatás, információnyújtás,\n- szociális segítő munka,\n- ellátások, szolgáltatások közvetítése,\n- hivatalos ügyek intézése,\n- a családban jelentkező nevelési problémák és hiányosságok káros hatásainak enyhítése,\n- észlelő és jelzőrendszer működtetése,\n- adminisztrációs tevékenységi kör,\n- prevenciós programok szervezése.\n## \nBakonykúti település családsegítője: Siposné Varga Petra\nElérhetősége: 06-20/426-0830\nÜgyfélfogadás: igény szerint, előzetes telefonos egyeztetés után\nA szolgáltatásokkal, az igénybevétellel kapcsolatban a következő elérhetőségeken érdeklődhetnek:\nLevelezési cím:\n- Iszkaszentgyörgyi Szociális Alapszolgáltatási Intézmény\n- 8043 Iszkaszentgyörgy, Rákóczi u. 48. \n\n**Elérhetőség:**\nSeresné Zsidai Borbála, intézményvezető\n- Tel.: 06-20/293-9120\n- Email: ics.szocintezmeny@gmail.com \n\n**Nyitva tartás:**\n- hétfő-péntekig: 7-15 óra között\n\n**Bakonykúti Önkormányzat részéről Pató Ágnes önkormányzati képviselő a közvetlen kapcsolattartó az Intézménnyel.**\n## \nTovábbi információ: \nhttps://iszkaszentgyorgy.hu/intezmenyek/iszai/1",
    "slug": "intezmenyek/iszkaszentgyorgyi-szocialis-alapszolgaltatasi-intezmeny",
    "last_modified": "2025-01-17T03:52:07.693Z"
  },
  {
    "id": 14,
    "title": "Testületi ülés jegyzőkönyvek",
    "content": "\n## Meghívók jegyzőkönyvek \n\n## 2025\n[2025 Április 24](https://utfs.io/f/26L8Sk7UnuECVC34uuqT1HuRmKsf6XNoZydnDGAWgaLqVOvr)\n\n[2025 Március 27](https://utfs.io/f/26L8Sk7UnuEC5TKrRSkVqBcO9XlC0318ZTQN4s6Axy7fgoJD)\n\n## 2024\n\n[2024 December 05](http://www.bakonykuti.hu/jegyzokonyvek/2024_12_05.pdf)\n\n[2024 November 28 Közös testületi ülés](http://www.bakonykuti.hu/jegyzokonyvek/2024_11_28_E.pdf)\n\n[2024 November 20](http://www.bakonykuti.hu/jegyzokonyvek/2024_11_20.pdf)\n\n[2024 Október 30 közmeghallgatás](http://www.bakonykuti.hu/jegyzokonyvek/2024_10_30kmh.pdf)\n\n[2024 Október 30](http://www.bakonykuti.hu/jegyzokonyvek/2024_10_30.pdf)\n\n[2024 Október 10](http://www.bakonykuti.hu/jegyzokonyvek/2024_10_10.pdf)\n\n[2024 Szeptember 05](http://www.bakonykuti.hu/jegyzokonyvek/2024_09_05.pdf)\n\n[2024 Május 23](http://www.bakonykuti.hu/jegyzokonyvek/2024_05_23.pdf)\n\n[2024 Április 25](http://www.bakonykuti.hu/jegyzokonyvek/2024_04_25.pdf)\n\n[2024 Március 28](http://www.bakonykuti.hu/jegyzokonyvek/2024_03_28.pdf)\n\n[2024 Február 22](http://www.bakonykuti.hu/jegyzokonyvek/2024_02_22.pdf)\n\n[2023 December 14](http://www.bakonykuti.hu/jegyzokonyvek/2023_12_14.pdf)\n\n[2023 November 30](http://www.bakonykuti.hu/jegyzokonyvek/2023_11_30.pdf)\n\n[2023 Október 26 közmeghallgatás](http://www.bakonykuti.hu/jegyzokonyvek/2023_10_26kmh.pdf)\n\n[2023 Október 26](http://www.bakonykuti.hu/jegyzokonyvek/2023_10_26.pdf)\n\n[2023 Szeptember 28](http://www.bakonykuti.hu/jegyzokonyvek/2023_09_28.pdf)\n\n\n\nØ  2023 Szeptember 28\n\nØ  2023 Augusztus 10\n\nØ  2023 Június 22\n\nØ  2023 Május 25\n\nØ  2023 Május 23\n\nØ  2023 Április 27\n\nØ  2023 Március 30\n\nØ  2023 Február 23  \n\nØ  2022 November 22 \n\nØ  2022 Október 27 Közmeghallgatás\n\nØ  2022 Otóber 27 \n\nØ  2022 Szeptember 08\n\nØ  2022 Július 14 \n\nØ  2022 Május 26\n\nØ  2022 Április 28\n\nØ  2022 Február 24\n\nØ  2022 Január 13\n\nØ  2021 November 25 \n\nØ  2021 Október 28\n\nØ  2021 Október 14 Közmeghallgatás\n\nØ  2021 Szeptember 30\n\nØ  2021 Augusztus 26\n\nØ  2021 Július 08\n\nØ  PM HAT 18 2021 5_21 ZÁRSZÁMADÁS 2020 ÉVRÕL\n\nØ  PM HAT 17 2021\n\nØ  PM HAT 16 2021\n\nØ  PM HAT 15 2021\n\nØ  PM HAT 14 2021\n\nØ  PM HAT 13 2021\n\nØ  PM HAT 12 2021\nØ  PM HAT 11 2021\n\nØ  PM HAT 10 2021\n\nØ  PM HAT 9 2021\n\nØ  PM HAT 6 2021\n\nØ  PM HAT 5 2021 \n\nØ  PM REND 4 2021 2021 évi költségvetési rendelet és mellékletei\n\nØ  PM REND 3 2021\n\nØ  PM HAT 3 2021\n\nØ  PM REND 2 2021\n\nØ  PM HAT 2 2021\n\nØ  PM REND 1 2021\n\nØ  PM HAT 1 2021\n\nØ  PM HAT 19 2020\n\nØ  PM HAT 18 2020\n\nØ  PM HAT 17 2020\n\nØ  PM HAT 16 2020\n\nØ  PM HAT 15 2020\n\nØ  PM HAT 13 2020\n\nØ  2020 Október 29 Közmeghallgatás\n\nØ  2020 Október 29\n\nØ  2020 Szeptember 18\n\nØ  2020 Július 09\n\nØ  PM HAT 9 2020\n\nØ  PM HAT 8 2020\n\nØ  PM HAT 7 2020\n\nØ  PM HAT 6 2020\n\nØ  PM HAT 5 2020\n\nØ  PM HAT 4 2020\n\nØ  Közmûvelõdés rendelet módosítás 2020\n\nØ  PM HAT 3 2020\n\nØ  PM HAT 2 2020\n\nØ  PM HAT 1 2020 \n\nØ  2020 Február 27\n\nØ  2019 November 28\n\nØ  2019 Október 21 Alakuló gyűlés\n\nØ  2019 Október 3\n\nØ  2019 Július 24\n\nØ  2019 Július 2\n\nØ  2019 Május 9\n\nØ  2019 Február 20\n\nØ  2019 Január 22 renkívüli\n\nØ  2018 November 27\n\nØ  2018 November 22 Közmeghallgatás\n\nØ  2018 Október 2 \n\nØ  2018 Szeptember 6\n\nØ  2018 Június 28\n\nØ  2018 Május 31\n\nØ  2018 Április 26\n\nØ  2018 Március 13\n\nØ  2018 Február 20\n\nØ  2017 december 19 rendkívüli\n\nØ  2017 november 23 közmeghallgatás\n\nØ  2017 november 23\n\nØ  2017 október 17\n\nØ  2017 szeptember 5\n\nØ  2017 június 27\n\nØ  2017 június 14\n\nØ  2017 május 24\n\nØ  2017 május 24 Iszka-Bakonykúti\n\nØ  2017 április 19\n\nØ  2017 március 23 rendkívüli ülés\n\nØ  2017 február 28\n\nØ  2017 február 16\n\nØ  2016 december 13\n\nØ  2016 november 24\n\nØ  2016 október 26\n\nØ  2016 szeptember 16\n\nØ  2016 július 22\n\nØ  2016 június 17\n\nØ  2016 május 31\n\nØ  2016 május 10\n\nØ  2016 május 10\n\nØ  2016 május 04 Iszka-Bakonykúti\n\nØ  2016 április 19\n\nØ  2016 március 30\n\nØ  2016 február 16\n\nØ  2016 február 16 Iszka-Bakonykúti\n\nØ  2015 december 15\n\nØ  2015 november 25\n\nØ  2015 november 25 Közmeghallgatás\n\nØ  2015 október 29\n\nØ  2015 augusztus 31\n\nØ  2015 június 30\n\nØ  2015 május 27\n\nØ  2015 május 8\n\nØ  2015 április 28\n\nØ  2015 február 19\n\nØ  2015 március 26\n\nØ  2014 december 19\n\nØ  2014 december 9\n\nØ  2014 november 25 közmeghallgatás\n\nØ  2014 november 25\n\nØ  2014 október 22 Alakuló Ülés\n\nØ  2014 április 22 rendkívüli\n\nØ  2014 március 04\n\nØ  2014 február 06\n\nØ  2014 február 06 Iszka 2014 január 28 rendkívüli\n\nØ  2014 január 21\n\nØ  2013 december 17\n\nØ  2013 december 5\n\nØ  2013 december 5 közmeghallgatás\n\nØ  2013 november 5 rendkívüli\n\nØ  2013 szeptember 19\n\nØ  2013 augusztus 22\n\nØ  2013 július 16\n\nØ  2013 június 20\n\nØ  2013 május 30\n\nØ  2013 április 30\n\nØ  2013 április 18\n\nØ  2013 február 14\n\nØ  2012 december 19\n\nØ  2012 november 29\n\nØ  2012 november 22\n\nØ  2012 október 24\n\nØ  2012 szeptember 21\n\nØ  2012 augusztus 13\n\nØ  2012 július 3\n\nØ  2012 június 19\n\nØ  2012 június 1\n\nØ  2012 május 2\n\nØ  2012 május 2 Iszkaszentgyörgy\n\nØ  2012 március 28\n\nØ  2012 február 29\n\nØ  2012 február 16\n\nØ  2011 január 26\n\nØ  2011 december 13\n\nØ  2011 november 29\n\nØ  2011 november 28 Közmeghallgatás\n\nØ  2011 október 12\n\nØ  2011 szeptember 13\n\nØ  2011 június 27\n\nØ  2011 június 8\n\nØ  2011 május 25\n\nØ  2011 április 25\n\nØ  2011 április 25 Iszkaszentgyörgy\n\nØ  2011 január 25\n\nØ  2011 február 15 Iszkaszentgyörgy\n\nØ  2011 február 15\n\nØ  2010 október 15\n\nØ  2010 november 9\n\nØ  2010 december 14 elõterjesztés\n\nØ  2010 december 14\n\nØ  2010 november 23 rendkívüli\n\nØ  2009 november 26 közmeghallgatás\n\nØ  2008 január 29\n\nØ  2008 február 15\n\nØ  2008 március 27\n\nØ  2008 április 8\n\nØ  2008 április 22\n\nØ  2008 május 15\n\nØ  2008 május 27\n\nØ  2008 június 26a>\n\nØ  2008 július 24\n\nØ  2008 szeptember 15\n\nØ  2008 szeptember 15 Iszkaszentgyörgy\n\nØ  2008 október 17\n\nØ  2008 november 24\n\nØ  2008 november 24 Iszkaszentgyörgy\n\nØ  2008 november 24 Iszka-Bakonykuti\n\nØ  2008 november 21 közmeghallgatás\n\nØ  2008 december 15\n\nØ  2008 január 15\n\t\t",
    "slug": "onkormanyzat/testuleti-ulesek",
    "last_modified": "2025-05-04T13:42:54.675Z"
  },
  {
    "id": 59,
    "title": "Bejelentés köteles tevékenységek",
    "content": "## Bejelentés köteles tevékenységek\n\nSZÁLLÁSHELY NYILVÁNTARTÁS  \nhttp://www.bakonykuti.hu/Nyilvantartas/szallashely.pdf\n## \nTELEP NYILVÁNTARTÁS 2021 \nhttp://www.bakonykuti.hu/Nyilvantartas/TNYT_BK.pdf\n## \nÜZLETNYILVÁNTARTÁS BEJELENTÉS 2021 \nhttp://www.bakonykuti.hu/Nyilvantartas/uzletnyilv_bejelent.pdf\n## \n\n## Bejelentésre vonatkozó dokumentumok:\n\n \n\nKommunális adó bejelentõ \nhttp://www.bakonykuti.hu/igeny/01Komm_ado_bejel.pdf\n\n ## \n\nMegállapodás több tulajdonos részérõl a kommunális adót megfizetõ személyérõl \n\nhttp://www.bakonykuti.hu/igeny/02Komm_ado_megall.pdf \n\n \n\n## Igénylésre vonatkozó dokumentumok:\n\n \n\nAktív korúak ellátására vonatkozó kérelem \nhttp://www.bakonykuti.hu/igeny/Aktellat.pdf\n\n \n## \nÁpolási díj iránti kérelem \n\nhttp://www.bakonykuti.hu/igeny/Apoldij.pdf\n\n \n## \nEgészségügyi szolgáltatásra való jogosultság iránti kérelem \nhttp://www.bakonykuti.hu/igeny/Euszolg.pdf\n\n ## \n\nGyermek otthongondozási díj iránti kérelem \nhttp://www.bakonykuti.hu/igeny/Gyermotthongond.pdf\n\n \n## \nIdõskorúak  járadéka iránti kérelem \nhttp://www.bakonykuti.hu/igeny/Idjarad.pdf\n\n \n## \nKözgyógyellátás iránti kérelem \nhttp://www.bakonykuti.hu/igeny/Kozgyogy.pdf\n\n\t\t",
    "slug": "onkormanyzat/bejelentes-koteles-tevekenysegek",
    "last_modified": "2024-12-30T09:17:32.294Z"
  }
]